symbol,timestamp,open,high,low,close,volume
ADA,2024-12-02 00:00:00+00:00,1.1497,1.3264,1.0567,1.1936,3198993676.4
ADA,2024-12-09 00:00:00+00:00,1.1936,1.1936,0.91,1.0996,2405941358.5
ADA,2024-12-16 00:00:00+00:00,1.0995,1.121,0.762,0.8834,2415809089.3
ADA,2024-12-23 00:00:00+00:00,0.8835,0.9507,0.8507,0.859,956974018.0
ADA,2024-12-30 00:00:00+00:00,0.859,1.1194,0.8296,1.0911,1371545149.7
ADA,2025-01-06 00:00:00+00:00,1.0911,1.1519,0.8798,0.9677,1707411848.8
ADA,2025-01-13 00:00:00+00:00,0.9676,1.1662,0.8758,0.993,2337447425.7
ADA,2025-01-20 00:00:00+00:00,0.993,1.1014,0.9508,0.953,1362437997.3
ADA,2025-01-27 00:00:00+00:00,0.953,0.9886,0.7513,0.8052,1147248344.9
ADA,2025-02-03 00:00:00+00:00,0.8051,0.8245,0.506,0.6814,2494053312.4
ADA,2025-02-10 00:00:00+00:00,0.6815,0.8309,0.6632,0.7714,1232736337.2
ADA,2025-02-17 00:00:00+00:00,0.7714,0.8291,0.7328,0.7697,922568415.0
ADA,2025-02-24 00:00:00+00:00,0.7698,1.1488,0.5801,1.135,2632477033.9
ADA,2025-03-03 00:00:00+00:00,1.1349,1.1747,0.709,0.7215,4951772526.0
ADA,2025-03-10 00:00:00+00:00,0.7216,0.7786,0.6471,0.7049,1909455025.0
ADA,2025-03-17 00:00:00+00:00,0.7049,0.7554,0.6816,0.7107,857245831.5
ADA,2025-03-24 00:00:00+00:00,0.7106,0.7744,0.6512,0.6612,920917259.5
ADA,2025-03-31 00:00:00+00:00,0.6613,0.7098,0.5597,0.5737,851715164.8
ADA,2025-04-07 00:00:00+00:00,0.5737,0.6687,0.511,0.6383,1518175209.6
ADA,2025-04-14 00:00:00+00:00,0.6383,0.6575,0.5946,0.6202,607056770.0
ADA,2025-04-21 00:00:00+00:00,0.6203,0.746,0.6153,0.7032,919935502.9000001
ADA,2025-04-28 00:00:00+00:00,0.7033,0.7297,0.6647,0.6762,815504312.9
ADA,2025-05-05 00:00:00+00:00,0.6762,0.8466,0.6426,0.8053,1058326951.2
ADA,2025-05-12 00:00:00+00:00,0.8054,0.8643,0.7171,0.7596,1093508042.3
ADA,2025-05-19 00:00:00+00:00,0.7597,0.8414,0.71,0.7598,886782425.7
ADA,2025-05-26 00:00:00+00:00,0.7598,0.7771,0.6541,0.6855,728540862.1
ADA,2025-06-02 00:00:00+00:00,0.6854,0.7072,0.6186,0.6703,590897508.8
ADA,2025-06-09 00:00:00+00:00,0.6703,0.7315,0.6131,0.6334,741465785.6
ADA,2025-06-16 00:00:00+00:00,0.6333,0.6575,0.51,0.5419,936565804.8
ADA,2025-06-23 00:00:00+00:00,0.5419,0.5936,0.5289,0.5773,815469739.7
ADA,2025-06-30 00:00:00+00:00,0.5773,0.6119,0.5366,0.5858,709266695.4
ADA,2025-07-07 00:00:00+00:00,0.5858,0.7774,0.5722,0.7367,1263037102.2
ADA,2025-07-14 00:00:00+00:00,0.7368,0.8955,0.7105,0.858,1713333025.7
ADA,2025-07-21 00:00:00+00:00,0.858,0.9373,0.7613,0.832,1605945603.1
ADA,2025-07-28 00:00:00+00:00,0.832,0.8559,0.6842,0.727,1056986142.6999999
ADA,2025-08-04 00:00:00+00:00,0.7271,0.8344,0.7107,0.8014,873607696.5
ADA,2025-08-11 00:00:00+00:00,0.8015,1.0193,0.7658,0.9609,2596677825.0
ADA,2025-08-18 00:00:00+00:00,0.961,0.9683,0.8218,0.909,1848239459.5
ADA,2025-08-25 00:00:00+00:00,0.909,0.9284,0.8054,0.8113,1100611053.0
ADA,2025-09-01 00:00:00+00:00,0.8112,0.85,0.7818,0.8351,754404075.0
ADA,2025-09-08 00:00:00+00:00,0.8351,0.954,0.83,0.8879,1008377799.1
ADA,2025-09-15 00:00:00+00:00,0.8878,0.9386,0.8524,0.884,813860271.4
ADA,2025-09-22 00:00:00+00:00,0.8841,0.8877,0.7542,0.8086,865019427.8
ADA,2025-09-29 00:00:00+00:00,0.8086,0.8924,0.7781,0.8371,794277251.7
ADA,2025-10-06 00:00:00+00:00,0.8372,0.881,0.2737,0.7,1995347770.5
ADA,2025-10-13 00:00:00+00:00,0.7001,0.736,0.6619,0.7083,585346975.0
BNB,2024-12-02 00:00:00+00:00,656.0,793.86,622.85,742.0,7134889.018
BNB,2024-12-09 00:00:00+00:00,742.0,742.5,642.0,718.87,4329592.975
BNB,2024-12-16 00:00:00+00:00,718.87,737.37,618.69,649.77,4399047.498
BNB,2024-12-23 00:00:00+00:00,649.77,731.24,638.1,694.71,2539846.608
BNB,2024-12-30 00:00:00+00:00,694.71,721.84,687.75,709.29,1535089.3669999999
BNB,2025-01-06 00:00:00+00:00,709.29,745.29,674.72,693.34,1953165.648
BNB,2025-01-13 00:00:00+00:00,693.35,729.97,660.0,683.19,2470394.062
BNB,2025-01-20 00:00:00+00:00,683.2,709.38,664.64,667.37,2128716.396
BNB,2025-01-27 00:00:00+00:00,667.36,689.44,600.0,617.8,1965022.6639999999
BNB,2025-02-03 00:00:00+00:00,617.8,648.13,500.0,615.81,3939397.033
BNB,2025-02-10 00:00:00+00:00,615.81,732.0,596.24,673.1,4706424.382
BNB,2025-02-17 00:00:00+00:00,673.1,682.29,629.65,658.42,2040308.227
BNB,2025-02-24 00:00:00+00:00,658.41,659.56,559.71,623.94,3093458.2169999997
BNB,2025-03-03 00:00:00+00:00,623.94,624.36,546.83,554.65,2069694.5760000001
BNB,2025-03-10 00:00:00+00:00,554.65,622.8,507.0,602.2,2839856.787
BNB,2025-03-17 00:00:00+00:00,602.21,643.72,602.04,623.79,2571586.017
BNB,2025-03-24 00:00:00+00:00,623.8,644.88,593.58,602.2,2595532.056
BNB,2025-03-31 00:00:00+00:00,602.2,618.54,544.17,555.54,2323143.558
BNB,2025-04-07 00:00:00+00:00,555.55,600.48,520.0,584.28,2157941.423
BNB,2025-04-14 00:00:00+00:00,584.29,596.08,576.0,592.77,1025382.9299999999
BNB,2025-04-21 00:00:00+00:00,592.77,619.99,592.53,603.46,1492478.486
BNB,2025-04-28 00:00:00+00:00,603.46,610.75,584.7,586.03,1133473.892
BNB,2025-05-05 00:00:00+00:00,586.02,678.95,583.55,651.15,2239399.07
BNB,2025-05-12 00:00:00+00:00,651.15,693.0,634.39,651.53,2138334.116
BNB,2025-05-19 00:00:00+00:00,651.54,691.35,633.51,669.44,1919044.77
BNB,2025-05-26 00:00:00+00:00,669.45,697.73,645.04,660.77,1488082.969
BNB,2025-06-02 00:00:00+00:00,660.77,673.43,625.44,652.0,1030682.656
BNB,2025-06-09 00:00:00+00:00,652.0,674.8,639.0,648.19,1030963.98
BNB,2025-06-16 00:00:00+00:00,648.19,659.46,601.25,615.81,1061619.48
BNB,2025-06-23 00:00:00+00:00,615.81,656.0,615.05,654.9,836025.716
BNB,2025-06-30 00:00:00+00:00,654.9,664.99,643.71,663.13,631389.462
BNB,2025-07-07 00:00:00+00:00,663.13,697.24,656.77,692.0,996190.969
BNB,2025-07-14 00:00:00+00:00,692.01,765.56,675.3,756.82,2088286.1979999999
BNB,2025-07-21 00:00:00+00:00,756.82,847.12,742.62,844.0,2580146.6691
BNB,2025-07-28 00:00:00+00:00,844.0,861.1,730.01,751.21,2395541.2192
BNB,2025-08-04 00:00:00+00:00,751.21,819.44,745.11,807.22,1263185.652
BNB,2025-08-11 00:00:00+00:00,807.22,869.4,792.0,855.38,2105058.1873000003
BNB,2025-08-18 00:00:00+00:00,855.38,900.71,818.57,876.51,2045207.8872
BNB,2025-08-25 00:00:00+00:00,876.51,881.36,829.59,857.65,1258916.016
BNB,2025-09-01 00:00:00+00:00,857.66,884.05,840.0,880.05,1044796.871
BNB,2025-09-08 00:00:00+00:00,880.05,944.95,870.01,926.51,1466762.3156
BNB,2025-09-15 00:00:00+00:00,926.51,1083.47,910.64,1047.8,2403993.8029
BNB,2025-09-22 00:00:00+00:00,1047.8,1050.55,932.01,993.01,2825463.011
BNB,2025-09-29 00:00:00+00:00,993.01,1192.42,991.12,1167.38,2589666.1346
BNB,2025-10-06 00:00:00+00:00,1167.38,1349.99,860.11,1302.65,7452517.7098
BNB,2025-10-13 00:00:00+00:00,1302.65,1375.11,1143.01,1207.32,3143010.7069
BTC,2024-12-02 00:00:00+00:00,97185.17,104088.0,90500.0,101109.59,302152.735462
BTC,2024-12-09 00:00:00+00:00,101109.6,105250.0,94150.05,104463.99,230968.339905
BTC,2024-12-16 00:00:00+00:00,104463.99,108353.0,92232.54,95186.27,281544.242246
BTC,2024-12-23 00:00:00+00:00,95186.28,99963.7,92520.0,93738.2,140614.68725000002
BTC,2024-12-30 00:00:00+00:00,93738.19,98976.91,91530.45,98363.61,111914.7951
BTC,2025-01-06 00:00:00+00:00,98363.61,102724.38,91203.67,94545.06,172710.45967
BTC,2025-01-13 00:00:00+00:00,94545.07,106422.43,89256.69,101331.57,235685.9926
BTC,2025-01-20 00:00:00+00:00,101331.57,109588.0,99550.0,102620.0,254162.140922
BTC,2025-01-27 00:00:00+00:00,102620.01,106457.44,96150.0,97700.59,184203.26328
BTC,2025-02-03 00:00:00+00:00,97700.59,102500.01,91231.0,96462.75,221243.61368
BTC,2025-02-10 00:00:00+00:00,96462.75,98826.0,94088.23,96118.12,122007.40976000001
BTC,2025-02-17 00:00:00+00:00,96118.12,99475.0,93388.09,96258.0,127758.44873
BTC,2025-02-24 00:00:00+00:00,96258.0,96500.0,78258.52,94270.0,373604.39736
BTC,2025-03-03 00:00:00+00:00,94269.99,94416.46,80000.0,80734.37,284471.65101000003
BTC,2025-03-10 00:00:00+00:00,80734.48,85309.71,76606.0,82574.53,211663.09876
BTC,2025-03-17 00:00:00+00:00,82574.52,87453.67,81134.66,86082.5,110906.17447999999
BTC,2025-03-24 00:00:00+00:00,86082.5,88765.43,81565.0,82389.99,137009.32282
BTC,2025-03-31 00:00:00+00:00,82390.0,88500.0,77153.83,78430.0,178247.49297
BTC,2025-04-07 00:00:00+00:00,78430.0,86100.0,74508.0,83760.0,300064.17057
BTC,2025-04-14 00:00:00+00:00,83760.0,86496.42,83111.64,85179.24,108454.4036
BTC,2025-04-21 00:00:00+00:00,85179.24,95758.04,85144.76,93749.3,170625.92468999999
BTC,2025-04-28 00:00:00+00:00,93749.29,97895.68,92800.01,94277.62,113820.08215
BTC,2025-05-05 00:00:00+00:00,94277.61,104984.57,93377.0,104118.0,145910.00118
BTC,2025-05-12 00:00:00+00:00,104118.0,106660.0,100718.37,106454.26,135512.85987000001
BTC,2025-05-19 00:00:00+00:00,106454.27,111980.0,102000.0,109004.19,197357.632795
BTC,2025-05-26 00:00:00+00:00,109004.2,110718.0,103068.55,105642.93,116099.819
BTC,2025-06-02 00:00:00+00:00,105642.93,106794.67,100372.26,105734.0,95301.97979
BTC,2025-06-09 00:00:00+00:00,105734.01,110530.17,102664.31,105594.01,110085.74896
BTC,2025-06-16 00:00:00+00:00,105594.02,108952.38,98200.0,100963.87,110755.93156
BTC,2025-06-23 00:00:00+00:00,100963.87,108528.5,99613.33,108356.93,91938.97808
BTC,2025-06-30 00:00:00+00:00,108356.93,110529.18,105100.19,109203.84,72977.17629999999
BTC,2025-07-07 00:00:00+00:00,109203.85,119488.0,107429.57,119086.64,104658.05244
BTC,2025-07-14 00:00:00+00:00,119086.65,123218.0,115736.92,117265.12,131579.689337
BTC,2025-07-21 00:00:00+00:00,117265.11,120247.8,114723.16,119415.55,123158.43225
BTC,2025-07-28 00:00:00+00:00,119415.56,119800.0,111920.0,114208.8,105088.62240000001
BTC,2025-08-04 00:00:00+00:00,114208.81,119311.11,112650.0,119294.01,78822.4007
BTC,2025-08-11 00:00:00+00:00,119294.27,124474.0,116803.99,117405.01,120321.123656
BTC,2025-08-18 00:00:00+00:00,117405.01,117543.75,110680.0,113493.59,117920.88503
BTC,2025-08-25 00:00:00+00:00,113493.59,113667.28,107350.1,108246.35,110910.33675
BTC,2025-09-01 00:00:00+00:00,108246.36,113384.62,107255.0,111137.34,90809.75324
BTC,2025-09-08 00:00:00+00:00,111137.35,116665.63,110621.78,115268.01,88456.94711000001
BTC,2025-09-15 00:00:00+00:00,115268.01,117900.0,114384.0,115232.29,70729.4403
BTC,2025-09-22 00:00:00+00:00,115232.29,115379.25,108620.07,112163.95,93970.57704
BTC,2025-09-29 00:00:00+00:00,112163.96,125708.42,111560.65,123482.31,124480.098903
BTC,2025-10-06 00:00:00+00:00,123482.32,126199.63,102000.0,114958.8,211576.359223
BTC,2025-10-13 00:00:00+00:00,114958.81,115963.81,109866.0,113126.19,62453.78673
ETH,2024-12-02 00:00:00+00:00,3707.61,4087.73,3500.0,4004.15,4669905.3911999995
ETH,2024-12-09 00:00:00+00:00,4004.15,4006.17,3509.0,3959.09,3822903.4975
ETH,2024-12-16 00:00:00+00:00,3959.09,4107.8,3101.9,3281.83,5094815.4058
ETH,2024-12-23 00:00:00+00:00,3281.83,3547.95,3216.97,3356.48,2008743.4021
ETH,2024-12-30 00:00:00+00:00,3356.48,3675.25,3305.0,3635.99,1971470.8374
ETH,2025-01-06 00:00:00+00:00,3636.0,3744.83,3158.0,3267.3,2728455.8925
ETH,2025-01-13 00:00:00+00:00,3267.3,3525.72,2920.0,3215.12,4650735.5624
ETH,2025-01-20 00:00:00+00:00,3215.2,3453.69,3142.78,3232.61,3594143.0907
ETH,2025-01-27 00:00:00+00:00,3232.61,3437.31,2750.71,2869.68,3917894.0487
ETH,2025-02-03 00:00:00+00:00,2869.68,2921.0,2125.01,2627.18,6935945.7161
ETH,2025-02-10 00:00:00+00:00,2627.18,2795.45,2546.92,2661.41,2786533.3434
ETH,2025-02-17 00:00:00+00:00,2661.41,2857.34,2605.44,2819.69,3853924.8175
ETH,2025-02-24 00:00:00+00:00,2819.7,2839.95,2076.26,2518.11,6704218.924
ETH,2025-03-03 00:00:00+00:00,2518.12,2523.56,1989.66,2020.41,5364278.6674
ETH,2025-03-10 00:00:00+00:00,2020.43,2152.4,1754.28,1887.0,4688568.5488
ETH,2025-03-17 00:00:00+00:00,1887.01,2069.9,1872.31,2005.99,2463197.0745
ETH,2025-03-24 00:00:00+00:00,2005.99,2104.11,1767.69,1807.74,2960069.0978
ETH,2025-03-31 00:00:00+00:00,1807.74,1957.0,1537.5,1580.76,3964057.6385
ETH,2025-04-07 00:00:00+00:00,1580.77,1689.0,1385.05,1597.76,7601517.282699999
ETH,2025-04-14 00:00:00+00:00,1597.76,1691.5,1538.07,1587.36,2882924.9212
ETH,2025-04-21 00:00:00+00:00,1587.36,1857.47,1537.26,1791.29,4456545.8725
ETH,2025-04-28 00:00:00+00:00,1791.29,1873.17,1731.7,1808.86,2941122.6775
ETH,2025-05-05 00:00:00+00:00,1808.86,2608.13,1752.0,2514.57,6134223.597
ETH,2025-05-12 00:00:00+00:00,2514.58,2738.5,2323.21,2497.78,5609427.8904
ETH,2025-05-19 00:00:00+00:00,2497.78,2734.23,2348.38,2551.22,5076059.3723
ETH,2025-05-26 00:00:00+00:00,2551.22,2788.0,2468.56,2539.21,4022669.1595
ETH,2025-06-02 00:00:00+00:00,2539.2,2679.88,2381.49,2509.83,3344811.759
ETH,2025-06-09 00:00:00+00:00,2509.84,2879.22,2436.98,2547.61,5090252.9755
ETH,2025-06-16 00:00:00+00:00,2547.62,2680.34,2111.89,2227.7,4122506.1539000003
ETH,2025-06-23 00:00:00+00:00,2227.7,2525.0,2188.0,2500.09,2961524.7848
ETH,2025-06-30 00:00:00+00:00,2500.09,2635.5,2373.0,2570.35,2819702.2414
ETH,2025-07-07 00:00:00+00:00,2570.35,3040.15,2512.0,2972.03,3937696.2647
ETH,2025-07-14 00:00:00+00:00,2972.03,3824.56,2932.46,3756.69,6187124.6691000005
ETH,2025-07-21 00:00:00+00:00,3756.69,3879.82,3502.85,3872.1,4861139.2263
ETH,2025-07-28 00:00:00+00:00,3872.11,3941.0,3354.28,3496.74,3821131.0731
ETH,2025-08-04 00:00:00+00:00,3496.75,4332.6,3490.73,4250.57,3859485.7789
ETH,2025-08-11 00:00:00+00:00,4250.58,4788.0,4166.77,4472.33,5480879.8797
ETH,2025-08-18 00:00:00+00:00,4472.34,4956.78,4060.0,4780.15,5387659.71698
ETH,2025-08-25 00:00:00+00:00,4780.15,4797.97,4257.2,4391.83,4346549.4528
ETH,2025-09-01 00:00:00+00:00,4391.83,4491.84,4210.61,4306.19,2982279.2676
ETH,2025-09-08 00:00:00+00:00,4306.19,4769.36,4276.76,4604.49,2909677.3399
ETH,2025-09-15 00:00:00+00:00,4604.48,4670.28,4412.0,4444.97,2084983.7991
ETH,2025-09-22 00:00:00+00:00,4444.98,4455.76,3815.0,4142.16,3296200.6113
ETH,2025-09-29 00:00:00+00:00,4142.16,4618.17,4082.25,4514.32,2997297.5318
ETH,2025-10-06 00:00:00+00:00,4514.32,4755.0,3435.0,4152.29,5107933.9309
ETH,2025-10-13 00:00:00+00:00,4152.29,4292.0,3888.74,4189.62,1813488.8521
HYPE,2025-05-26 00:00:00+00:00,33.387,34.348,30.724,34.152,12285063.600000001
HYPE,2025-06-02 00:00:00+00:00,34.156,38.238,32.417,34.984,32933186.67
HYPE,2025-06-09 00:00:00+00:00,34.987,44.088,34.706,41.193,63453583.58
HYPE,2025-06-16 00:00:00+00:00,41.191,45.846,30.913,35.754,110296639.93
HYPE,2025-06-23 00:00:00+00:00,35.761,39.901,33.272,39.775,66490587.74
HYPE,2025-06-30 00:00:00+00:00,39.778,41.269,36.809,39.829,44383555.74
HYPE,2025-07-07 00:00:00+00:00,39.829,49.307,36.952,48.95,37455948.0
HYPE,2025-07-14 00:00:00+00:00,48.942,49.923,43.045,45.997,40159854.66
HYPE,2025-07-21 00:00:00+00:00,45.991,47.823,41.122,43.649,43476380.11
HYPE,2025-07-28 00:00:00+00:00,43.655,46.095,35.493,38.18,61489053.07
HYPE,2025-08-04 00:00:00+00:00,38.18,45.446,36.855,45.269,42954746.120000005
HYPE,2025-08-11 00:00:00+00:00,45.27,49.564,42.153,46.04,59489141.28
HYPE,2025-08-18 00:00:00+00:00,46.041,47.0,40.415,46.061,53191563.43
HYPE,2025-08-25 00:00:00+00:00,46.061,51.254,42.357,44.28,67346477.07
HYPE,2025-09-01 00:00:00+00:00,44.284,47.895,42.504,47.113,34613248.64
HYPE,2025-09-08 00:00:00+00:00,47.112,57.499,46.97,53.688,63228976.19
HYPE,2025-09-15 00:00:00+00:00,53.688,59.63,50.635,50.89,50308453.11
HYPE,2025-09-22 00:00:00+00:00,50.89,51.337,39.72,47.171,99507960.51
HYPE,2025-09-29 00:00:00+00:00,47.177,51.496,43.506,48.195,70007705.31
HYPE,2025-10-06 00:00:00+00:00,48.195,49.736,21.029,39.621,100507124.1
HYPE,2025-10-13 00:00:00+00:00,39.62,43.625,37.349,41.016,39897087.86
LINK,2024-12-02 00:00:00+00:00,18.91,27.41,18.57,26.09,106911013.85
LINK,2024-12-09 00:00:00+00:00,26.09,30.94,19.56,29.26,95771965.09
LINK,2024-12-16 00:00:00+00:00,29.25,30.85,20.02,22.08,71888095.78
LINK,2024-12-23 00:00:00+00:00,22.08,25.99,20.77,20.96,38875936.23
LINK,2024-12-30 00:00:00+00:00,20.96,24.05,19.67,23.58,31997547.04
LINK,2025-01-06 00:00:00+00:00,23.58,24.78,19.14,19.84,35745765.46
LINK,2025-01-13 00:00:00+00:00,19.85,26.71,17.83,24.34,59483278.34
LINK,2025-01-20 00:00:00+00:00,24.34,27.21,23.4,24.88,54025952.75
LINK,2025-01-27 00:00:00+00:00,24.88,26.4,19.29,20.46,46135974.59
LINK,2025-02-03 00:00:00+00:00,20.47,22.05,15.4,18.26,63888976.72
LINK,2025-02-10 00:00:00+00:00,18.26,19.84,17.64,18.69,22941210.28
LINK,2025-02-17 00:00:00+00:00,18.7,19.8,17.12,17.62,21919124.77
LINK,2025-02-24 00:00:00+00:00,17.62,17.75,13.45,17.42,42438658.849999994
LINK,2025-03-03 00:00:00+00:00,17.42,17.67,13.08,13.81,53079890.68
LINK,2025-03-10 00:00:00+00:00,13.81,14.71,11.85,13.37,47107037.09
LINK,2025-03-17 00:00:00+00:00,13.38,15.17,13.34,14.47,19044766.58
LINK,2025-03-24 00:00:00+00:00,14.46,16.0,13.19,13.41,19387286.9
LINK,2025-03-31 00:00:00+00:00,13.42,14.4,11.0,11.28,27632993.92
LINK,2025-04-07 00:00:00+00:00,11.29,13.29,10.1,12.62,39858822.61
LINK,2025-04-14 00:00:00+00:00,12.63,13.6,11.89,13.28,15663315.93
LINK,2025-04-21 00:00:00+00:00,13.29,15.36,12.88,14.56,22613814.220000003
LINK,2025-04-28 00:00:00+00:00,14.56,15.24,13.81,13.86,16473059.4
LINK,2025-05-05 00:00:00+00:00,13.86,17.47,13.2,17.1,29122365.57
LINK,2025-05-12 00:00:00+00:00,17.1,17.98,14.88,15.88,29924174.98
LINK,2025-05-19 00:00:00+00:00,15.88,17.16,14.84,15.54,30384924.93
LINK,2025-05-26 00:00:00+00:00,15.54,16.19,13.39,14.06,21436213.31
LINK,2025-06-02 00:00:00+00:00,14.06,14.48,12.64,13.73,16215236.530000001
LINK,2025-06-09 00:00:00+00:00,13.73,15.66,12.75,13.3,24887180.28
LINK,2025-06-16 00:00:00+00:00,13.3,14.17,10.94,11.65,22173522.799999997
LINK,2025-06-23 00:00:00+00:00,11.65,13.88,11.39,13.7,17221816.24
LINK,2025-06-30 00:00:00+00:00,13.71,14.08,12.73,13.48,14969119.35
LINK,2025-07-07 00:00:00+00:00,13.49,15.95,13.2,15.66,20978149.67
LINK,2025-07-14 00:00:00+00:00,15.66,20.01,15.14,19.27,40079668.2
LINK,2025-07-21 00:00:00+00:00,19.28,20.28,17.15,19.24,29988119.03
LINK,2025-07-28 00:00:00+00:00,19.24,19.56,15.43,16.3,25929587.77
LINK,2025-08-04 00:00:00+00:00,16.3,22.7,16.03,22.06,37046430.730000004
LINK,2025-08-11 00:00:00+00:00,22.07,26.33,20.84,25.64,62501461.51
LINK,2025-08-18 00:00:00+00:00,25.64,27.87,23.36,25.82,82793783.99
LINK,2025-08-25 00:00:00+00:00,25.82,26.46,22.83,23.2,54825388.25
LINK,2025-09-01 00:00:00+00:00,23.2,23.97,21.87,22.47,31241935.23
LINK,2025-09-08 00:00:00+00:00,22.47,25.64,22.23,24.09,27130321.94
LINK,2025-09-15 00:00:00+00:00,24.1,24.89,22.75,22.96,22356480.28
LINK,2025-09-22 00:00:00+00:00,22.95,23.05,19.82,21.68,28383103.64
LINK,2025-09-29 00:00:00+00:00,21.68,23.13,20.9,22.0,21158893.21
LINK,2025-10-06 00:00:00+00:00,22.0,23.73,7.9,19.0,60264347.55
LINK,2025-10-13 00:00:00+00:00,19.0,20.19,18.07,19.06,17136963.89
SOL,2024-12-02 00:00:00+00:00,236.79,247.0,215.0,237.02,35438092.017
SOL,2024-12-09 00:00:00+00:00,237.02,237.28,203.0,224.27,29833969.564
SOL,2024-12-16 00:00:00+00:00,224.26,228.95,175.26,180.52,40620047.655
SOL,2024-12-23 00:00:00+00:00,180.53,201.85,176.48,189.94,15932999.82
SOL,2024-12-30 00:00:00+00:00,189.94,219.83,185.89,213.41,17053886.325
SOL,2025-01-06 00:00:00+00:00,213.41,223.18,182.0,188.51,21829933.838
SOL,2025-01-13 00:00:00+00:00,188.5,295.83,168.88,252.42,67294268.932
SOL,2025-01-20 00:00:00+00:00,252.4,273.29,229.44,240.5,49734802.551
SOL,2025-01-27 00:00:00+00:00,240.49,244.7,192.31,203.51,32632945.29
SOL,2025-02-03 00:00:00+00:00,203.52,219.97,175.89,200.47,34233065.821
SOL,2025-02-10 00:00:00+00:00,200.47,209.05,186.3,188.27,21667751.404
SOL,2025-02-17 00:00:00+00:00,188.26,189.72,160.88,167.94,24502639.566
SOL,2025-02-24 00:00:00+00:00,167.94,179.85,125.55,178.71,57102095.795
SOL,2025-03-03 00:00:00+00:00,178.72,179.47,125.41,126.51,44145860.436
SOL,2025-03-10 00:00:00+00:00,126.52,136.71,112.0,126.13,28614538.169
SOL,2025-03-17 00:00:00+00:00,126.13,136.12,121.76,132.84,18315263.3
SOL,2025-03-24 00:00:00+00:00,132.85,147.48,122.68,124.82,21895808.461
SOL,2025-03-31 00:00:00+00:00,124.83,136.21,103.81,105.91,31868483.264
SOL,2025-04-07 00:00:00+00:00,105.9,134.11,95.26,128.38,46389408.89
SOL,2025-04-14 00:00:00+00:00,128.38,141.96,123.49,137.86,25590441.216
SOL,2025-04-21 00:00:00+00:00,137.86,157.0,133.82,147.98,25666600.737
SOL,2025-04-28 00:00:00+00:00,147.97,153.99,140.32,143.95,17061245.94
SOL,2025-05-05 00:00:00+00:00,143.94,180.26,141.41,173.19,25733500.986
SOL,2025-05-12 00:00:00+00:00,173.2,184.88,164.01,173.3,26221088.665
SOL,2025-05-19 00:00:00+00:00,173.3,187.71,159.44,175.74,26181846.088
SOL,2025-05-26 00:00:00+00:00,175.75,179.41,150.59,157.68,18124353.314
SOL,2025-06-02 00:00:00+00:00,157.68,163.64,141.53,152.45,16740320.930000002
SOL,2025-06-09 00:00:00+00:00,152.45,168.36,140.21,152.97,23423966.262
SOL,2025-06-16 00:00:00+00:00,152.97,158.8,126.0,131.71,22526961.728
SOL,2025-06-23 00:00:00+00:00,131.71,154.77,130.68,153.32,19350776.608
SOL,2025-06-30 00:00:00+00:00,153.32,159.99,144.85,151.86,17949955.307
SOL,2025-07-07 00:00:00+00:00,151.86,168.2,147.7,161.15,19550336.649
SOL,2025-07-14 00:00:00+00:00,161.15,184.67,157.23,181.43,28096869.226999998
SOL,2025-07-21 00:00:00+00:00,181.44,206.3,175.63,188.64,34384561.17
SOL,2025-07-28 00:00:00+00:00,188.64,195.26,155.83,161.97,21355489.834
SOL,2025-08-04 00:00:00+00:00,161.98,186.18,161.13,182.66,21257648.92
SOL,2025-08-11 00:00:00+00:00,182.67,209.86,173.43,190.99,33871086.681
SOL,2025-08-18 00:00:00+00:00,191.0,211.99,175.69,205.98,31562042.319
SOL,2025-08-25 00:00:00+00:00,205.99,218.0,185.33,200.62,43575253.635
SOL,2025-09-01 00:00:00+00:00,200.62,213.02,194.19,206.35,23969783.297
SOL,2025-09-08 00:00:00+00:00,206.35,249.6,205.59,239.76,33248012.185000002
SOL,2025-09-15 00:00:00+00:00,239.75,253.51,230.15,236.16,22931549.969
SOL,2025-09-22 00:00:00+00:00,236.16,236.96,190.8,210.83,30396613.351
SOL,2025-09-29 00:00:00+00:00,210.83,237.22,204.29,228.56,24276493.39
SOL,2025-10-06 00:00:00+00:00,228.56,237.79,168.79,197.0,37161910.606
SOL,2025-10-13 00:00:00+00:00,196.99,211.25,190.02,206.33,15334931.534
TRX,2024-12-02 00:00:00+00:00,0.2072,0.45,0.2033,0.3183,16392413130.1
TRX,2024-12-09 00:00:00+00:00,0.3183,0.3209,0.2407,0.2856,8099302623.5
TRX,2024-12-16 00:00:00+00:00,0.2856,0.3047,0.2242,0.2442,8678600685.4
TRX,2024-12-23 00:00:00+00:00,0.2443,0.2654,0.2415,0.2578,4490382741.4
TRX,2024-12-30 00:00:00+00:00,0.2578,0.2742,0.2504,0.2627,3425921291.8
TRX,2025-01-06 00:00:00+00:00,0.2627,0.2716,0.2316,0.2336,4570666793.6
TRX,2025-01-13 00:00:00+00:00,0.2336,0.2679,0.2168,0.2287,7381302308.0
TRX,2025-01-20 00:00:00+00:00,0.2286,0.2614,0.2241,0.2462,6630586708.3
TRX,2025-01-27 00:00:00+00:00,0.2463,0.258,0.2224,0.2255,4833113454.5
TRX,2025-02-03 00:00:00+00:00,0.2255,0.2377,0.2011,0.2322,6629079279.0
TRX,2025-02-10 00:00:00+00:00,0.2322,0.2491,0.228,0.2424,3124679636.5
TRX,2025-02-17 00:00:00+00:00,0.2424,0.2506,0.2325,0.246,2868338534.9
TRX,2025-02-24 00:00:00+00:00,0.246,0.249,0.2171,0.2441,6306978739.5
TRX,2025-03-03 00:00:00+00:00,0.2441,0.2509,0.2267,0.2321,4326162410.0
TRX,2025-03-10 00:00:00+00:00,0.2322,0.2381,0.2109,0.2119,3873850643.4
TRX,2025-03-17 00:00:00+00:00,0.2119,0.2437,0.2111,0.23,3586814892.3
TRX,2025-03-24 00:00:00+00:00,0.23,0.2358,0.2251,0.2319,2295192776.1
TRX,2025-03-31 00:00:00+00:00,0.2318,0.2418,0.2283,0.2301,2193653342.4
TRX,2025-04-07 00:00:00+00:00,0.2301,0.2547,0.221,0.2547,3922920696.2000003
TRX,2025-04-14 00:00:00+00:00,0.2547,0.2597,0.2396,0.2438,3021899880.1
TRX,2025-04-21 00:00:00+00:00,0.2437,0.2544,0.2406,0.2454,3008532260.1
TRX,2025-04-28 00:00:00+00:00,0.2454,0.2499,0.2423,0.2471,1885748953.8
TRX,2025-05-05 00:00:00+00:00,0.2471,0.2687,0.2435,0.2651,3530479928.3
TRX,2025-05-12 00:00:00+00:00,0.2651,0.2801,0.2608,0.2679,4771587092.9
TRX,2025-05-19 00:00:00+00:00,0.268,0.2821,0.2605,0.2723,3501282070.0
TRX,2025-05-26 00:00:00+00:00,0.2723,0.2797,0.2632,0.2708,2183551465.4
TRX,2025-06-02 00:00:00+00:00,0.2708,0.2877,0.2659,0.2817,2037028351.8000002
TRX,2025-06-09 00:00:00+00:00,0.2818,0.2946,0.2669,0.2739,2731886845.3
TRX,2025-06-16 00:00:00+00:00,0.2739,0.2953,0.2589,0.2635,3504605920.0
TRX,2025-06-23 00:00:00+00:00,0.2634,0.2769,0.2633,0.2769,1709761463.0
TRX,2025-06-30 00:00:00+00:00,0.2769,0.288,0.2759,0.287,1150311571.7
TRX,2025-07-07 00:00:00+00:00,0.287,0.3068,0.2854,0.3028,1962546655.0
TRX,2025-07-14 00:00:00+00:00,0.3029,0.3344,0.2954,0.314,4218798056.0
TRX,2025-07-21 00:00:00+00:00,0.3141,0.3229,0.3006,0.3199,4570557961.1
TRX,2025-07-28 00:00:00+00:00,0.32,0.351,0.3187,0.3275,5833827510.9
TRX,2025-08-04 00:00:00+00:00,0.3275,0.3422,0.3271,0.3383,2589637192.1
TRX,2025-08-11 00:00:00+00:00,0.3382,0.37,0.3381,0.3534,4111813904.2
TRX,2025-08-18 00:00:00+00:00,0.3533,0.3687,0.3444,0.3614,3673460316.1
TRX,2025-08-25 00:00:00+00:00,0.3614,0.3617,0.3334,0.341,3109404882.7000003
TRX,2025-09-01 00:00:00+00:00,0.341,0.342,0.2977,0.3312,3014056530.8
TRX,2025-09-08 00:00:00+00:00,0.3313,0.3547,0.3294,0.3485,2020764303.6
TRX,2025-09-15 00:00:00+00:00,0.3485,0.3526,0.3387,0.3426,2045495375.1
TRX,2025-09-22 00:00:00+00:00,0.3426,0.3431,0.33,0.3357,2051869122.3
TRX,2025-09-29 00:00:00+00:00,0.3357,0.3459,0.3315,0.3413,1406523500.2
TRX,2025-10-06 00:00:00+00:00,0.3414,0.3473,0.3,0.3227,2532586538.7
TRX,2025-10-13 00:00:00+00:00,0.3228,0.3243,0.3076,0.32,977828974.1000001
XLM,2024-12-02 00:00:00+00:00,0.5606,0.6081,0.4522,0.4931,3953081693.0
XLM,2024-12-09 00:00:00+00:00,0.4931,0.4932,0.3512,0.4304,2204435418.0
XLM,2024-12-16 00:00:00+00:00,0.4305,0.4718,0.3126,0.3564,2419917836.0
XLM,2024-12-23 00:00:00+00:00,0.3564,0.4141,0.3353,0.3382,818216585.0
XLM,2024-12-30 00:00:00+00:00,0.3382,0.486,0.321,0.4407,2336063317.0
XLM,2025-01-06 00:00:00+00:00,0.4408,0.4698,0.3868,0.4224,1601045487.0
XLM,2025-01-13 00:00:00+00:00,0.4223,0.515,0.3918,0.4332,2636985537.0
XLM,2025-01-20 00:00:00+00:00,0.4332,0.4788,0.4057,0.4063,1252230303.0
XLM,2025-01-27 00:00:00+00:00,0.4062,0.4439,0.3352,0.354,1103531684.0
XLM,2025-02-03 00:00:00+00:00,0.3541,0.3751,0.2586,0.314,1686743476.0
XLM,2025-02-10 00:00:00+00:00,0.3141,0.3663,0.3031,0.3426,712011107.0
XLM,2025-02-17 00:00:00+00:00,0.3426,0.3497,0.3157,0.3331,363311168.0
XLM,2025-02-24 00:00:00+00:00,0.3331,0.3755,0.2526,0.3511,1043010993.0
XLM,2025-03-03 00:00:00+00:00,0.351,0.362,0.2612,0.263,820349633.0
XLM,2025-03-10 00:00:00+00:00,0.2631,0.295,0.2268,0.2625,708689926.0
XLM,2025-03-17 00:00:00+00:00,0.2625,0.2979,0.2623,0.2831,443908318.0
XLM,2025-03-24 00:00:00+00:00,0.2831,0.3022,0.2618,0.2669,277722144.0
XLM,2025-03-31 00:00:00+00:00,0.267,0.2794,0.2231,0.2263,402796170.0
XLM,2025-04-07 00:00:00+00:00,0.2263,0.2523,0.2001,0.238,632853399.0
XLM,2025-04-14 00:00:00+00:00,0.2381,0.2495,0.2306,0.2436,254141583.0
XLM,2025-04-21 00:00:00+00:00,0.2437,0.2975,0.2437,0.2841,536079727.0
XLM,2025-04-28 00:00:00+00:00,0.2842,0.2943,0.2648,0.2654,305016382.0
XLM,2025-05-05 00:00:00+00:00,0.2654,0.3251,0.252,0.3064,509617905.0
XLM,2025-05-12 00:00:00+00:00,0.3064,0.3347,0.2813,0.2925,622462439.0
XLM,2025-05-19 00:00:00+00:00,0.2926,0.3124,0.2769,0.2878,395060212.0
XLM,2025-05-26 00:00:00+00:00,0.2878,0.293,0.259,0.2674,315709289.0
XLM,2025-06-02 00:00:00+00:00,0.2674,0.2763,0.2523,0.2677,311681936.0
XLM,2025-06-09 00:00:00+00:00,0.2678,0.2851,0.2529,0.2587,359949933.0
XLM,2025-06-16 00:00:00+00:00,0.2587,0.2704,0.2168,0.2289,356945583.0
XLM,2025-06-23 00:00:00+00:00,0.2289,0.2498,0.2252,0.2403,251598441.0
XLM,2025-06-30 00:00:00+00:00,0.2404,0.2519,0.2228,0.2505,319710560.0
XLM,2025-07-07 00:00:00+00:00,0.2506,0.4825,0.246,0.4706,2306691492.0
XLM,2025-07-14 00:00:00+00:00,0.4706,0.5206,0.43,0.4625,2478477836.0
XLM,2025-07-21 00:00:00+00:00,0.4626,0.494,0.4009,0.4442,1091752755.0
XLM,2025-07-28 00:00:00+00:00,0.4443,0.4539,0.3613,0.3994,720308762.0
XLM,2025-08-04 00:00:00+00:00,0.3993,0.4689,0.385,0.4446,814799745.0
XLM,2025-08-11 00:00:00+00:00,0.4447,0.4716,0.4098,0.4245,708481549.0
XLM,2025-08-18 00:00:00+00:00,0.4245,0.4291,0.3808,0.4079,521491372.0
XLM,2025-08-25 00:00:00+00:00,0.4079,0.411,0.3518,0.3528,579017512.0
XLM,2025-09-01 00:00:00+00:00,0.3527,0.369,0.3442,0.3616,383684995.0
XLM,2025-09-08 00:00:00+00:00,0.3616,0.4143,0.3584,0.3896,471480316.0
XLM,2025-09-15 00:00:00+00:00,0.3896,0.4047,0.3739,0.3797,366303987.0
XLM,2025-09-22 00:00:00+00:00,0.3797,0.3814,0.3437,0.3676,403046076.0
XLM,2025-09-29 00:00:00+00:00,0.3677,0.4141,0.3578,0.3962,489401411.0
XLM,2025-10-06 00:00:00+00:00,0.3961,0.413,0.16,0.3415,842267066.0
XLM,2025-10-13 00:00:00+00:00,0.3416,0.3546,0.3197,0.3406,193838382.0
XRP,2024-12-02 00:00:00+00:00,2.2937,2.9092,2.1743,2.6013,8391214089.7
XRP,2024-12-09 00:00:00+00:00,2.6013,2.6076,1.9,2.4469,4684470399.0
XRP,2024-12-16 00:00:00+00:00,2.447,2.7281,1.9601,2.2031,4792919280.0
XRP,2024-12-23 00:00:00+00:00,2.2032,2.3507,2.0711,2.0942,1556223323.0
XRP,2024-12-30 00:00:00+00:00,2.0941,2.509,1.9954,2.3994,1800143559.0
XRP,2025-01-06 00:00:00+00:00,2.3993,2.6036,2.2001,2.5046,2052494837.0
XRP,2025-01-13 00:00:00+00:00,2.5045,3.4,2.3297,2.9587,4736936675.43
XRP,2025-01-20 00:00:00+00:00,2.9586,3.3695,2.909,3.0223,2273315514.0
XRP,2025-01-27 00:00:00+00:00,3.0222,3.214,2.4603,2.58,2477352667.0
XRP,2025-02-03 00:00:00+00:00,2.5801,2.7874,1.7711,2.3928,3956434719.0
XRP,2025-02-10 00:00:00+00:00,2.3928,2.8356,2.3235,2.7283,1619987474.0
XRP,2025-02-17 00:00:00+00:00,2.7283,2.7648,2.4693,2.5763,1251088609.0
XRP,2025-02-24 00:00:00+00:00,2.5763,2.999,1.951,2.9396,3123033998.0
XRP,2025-03-03 00:00:00+00:00,2.9395,2.9676,2.083,2.1387,2739092284.0
XRP,2025-03-10 00:00:00+00:00,2.1388,2.4751,1.9,2.2938,1794419040.0
XRP,2025-03-17 00:00:00+00:00,2.2938,2.59,2.2225,2.4393,1280685979.0
XRP,2025-03-24 00:00:00+00:00,2.4392,2.5044,2.0607,2.1369,1053788565.0
XRP,2025-03-31 00:00:00+00:00,2.1371,2.233,1.8625,1.9218,1603346389.0
XRP,2025-04-07 00:00:00+00:00,1.9218,2.2475,1.6134,2.1196,2466834015.0
XRP,2025-04-14 00:00:00+00:00,2.1196,2.1853,2.0355,2.0787,726083448.7
XRP,2025-04-21 00:00:00+00:00,2.0786,2.301,2.0594,2.252,1154235582.7
XRP,2025-04-28 00:00:00+00:00,2.2521,2.363,2.1235,2.156,755671308.4
XRP,2025-05-05 00:00:00+00:00,2.1561,2.4844,2.0777,2.367,1158237896.8
XRP,2025-05-12 00:00:00+00:00,2.3671,2.6549,2.2984,2.428,1514433998.5
XRP,2025-05-19 00:00:00+00:00,2.428,2.4799,2.266,2.3417,948880301.4
XRP,2025-05-26 00:00:00+00:00,2.3416,2.3593,2.0794,2.1792,732979567.9
XRP,2025-06-02 00:00:00+00:00,2.1792,2.2988,2.0591,2.267,690541129.0
XRP,2025-06-09 00:00:00+00:00,2.2669,2.3379,2.0828,2.1655,751671724.9
XRP,2025-06-16 00:00:00+00:00,2.1655,2.337,1.9083,2.0172,871700630.7
XRP,2025-06-23 00:00:00+00:00,2.0173,2.2296,1.9615,2.2061,754999342.2
XRP,2025-06-30 00:00:00+00:00,2.2062,2.3271,2.1475,2.2709,771269703.6
XRP,2025-07-07 00:00:00+00:00,2.2709,2.975,2.2485,2.8361,1891339836.4
XRP,2025-07-14 00:00:00+00:00,2.8361,3.6607,2.8038,3.454,2762624962.8
XRP,2025-07-21 00:00:00+00:00,3.4541,3.6495,2.9555,3.2389,1780809572.5
XRP,2025-07-28 00:00:00+00:00,3.239,3.3308,2.728,2.948,1279545948.8
XRP,2025-08-04 00:00:00+00:00,2.9481,3.3825,2.9014,3.187,1163216798.6
XRP,2025-08-11 00:00:00+00:00,3.1869,3.3512,2.9915,3.0877,1139239574.2
XRP,2025-08-18 00:00:00+00:00,3.0877,3.128,2.7826,3.0258,1072316567.0
XRP,2025-08-25 00:00:00+00:00,3.0259,3.0817,2.7604,2.7757,865618559.2
XRP,2025-09-01 00:00:00+00:00,2.7757,2.9285,2.6975,2.877,740924245.1
XRP,2025-09-08 00:00:00+00:00,2.877,3.1858,2.8627,3.0279,768421898.1
XRP,2025-09-15 00:00:00+00:00,3.028,3.1397,2.9523,2.9701,653204547.8
XRP,2025-09-22 00:00:00+00:00,2.9701,2.9955,2.6975,2.8674,924336525.6
XRP,2025-09-29 00:00:00+00:00,2.8675,3.0998,2.8132,2.9697,801270954.3
XRP,2025-10-06 00:00:00+00:00,2.9697,3.0506,1.2543,2.5282,1683847635.3
XRP,2025-10-13 00:00:00+00:00,2.5283,2.646,2.3888,2.5248,488145781.2
