Date,BTC_Price,BTC_Market_Cap,ETH_Price,ETH_Market_Cap,SOL_Price,SOL_Market_Cap,BNB_Price,BNB_Market_Cap,XRP_Price,XRP_Market_Cap,ADA_Price,ADA_Market_Cap,DOGE_Price,DOGE_Market_Cap,AVAX_Price,AVAX_Market_Cap,TRX_Price,TRX_Market_Cap,DOT_Price,DOT_Market_Cap
2020-11-01,13803.851630783192,269175106800.27225,386.62189799418496,46394627759.30219,1.5498358314043037,898904782.2144961,28.52056159687312,4192522554.7403483,0.2397488653942483,12706689865.89516,0.0929801709286102,3254305982.501357,0.0025797045689844,371477457.9337536,,,0.0257983550631594,2270255245.5580273,4.1839688397389025,5439159491.660573
2020-11-08,14836.586755194352,289313441726.28986,435.8465346091023,52301584153.09228,2.028100537377569,1176298311.67899,27.773332207797903,4082679834.546292,0.2493778584030754,13217026495.362995,0.1014062935578105,3549220274.5233674,0.0026726596038935,384862982.960664,,,0.0248962840714969,2190872998.291727,4.240264365281521,5512343674.865977
2020-11-15,16083.287260721636,313624101584.0719,461.3606312650677,55363275751.80812,1.9171239169237777,1111931871.8157911,27.940958706913698,4107320929.9163136,0.2683871737969192,14224520211.236717,0.1041839067653324,3646436736.786634,0.0027725513930011,399247400.5921584,,,0.0251389775803632,2212230027.0719614,4.463916846426344,5803091900.354248
2020-11-22,18673.57949316599,364134800116.7368,550.64860545155,66077832654.186,2.3899353292491075,1386162490.9644823,30.447939876057248,4475847161.780416,0.4611638272745525,24441682845.551285,0.1333801519780949,4668305319.233322,0.0035105893821008,505524871.0225152,,,0.0304097887902931,2676061413.5457926,5.765733878626001,7495454042.213801
2020-11-29,17734.457517405262,345821921589.4026,538.107851878022,64572942225.36263,1.8890519689004424,1095650141.9622567,29.14099762525191,4283726650.9120307,0.6259029213146022,33172854829.67392,0.165143037039598,5780006296.38593,0.003394584700567,488820196.881648,,,0.0304560536790043,2680132723.7523785,4.8926432975165834,6360436286.771559
2020-12-06,19156.83789762873,373558339003.76025,596.5711398234771,71588536778.81725,1.979384353450102,1148042925.0010593,29.74703227033594,4372813743.739383,0.5853683334260517,31024521671.580738,0.1600829583875142,5602903543.562998,0.003391962764632,488442638.10700804,,,0.0305898839196894,2691909784.9326673,5.18951566725694,6746370367.434021
2020-12-13,18808.938818392257,366774306958.649,568.3187442298208,68198249307.5785,1.4920979160542416,865416791.3114601,28.16608800405705,4140414936.596386,0.5058738363939196,26811313328.87774,0.1442126504222145,5047442764.777508,0.0031647196604548,455719631.1054912,,,0.0285636271534554,2513599189.504075,4.741240213878772,6163612278.042403
2020-12-20,23847.591889993884,465028041854.88074,658.8380238460014,79060562861.52017,1.6702132426239085,968723680.721867,33.31113107035778,4896736267.342594,0.577644432487699,30615154921.84805,0.1644264248896645,5754924871.138257,0.0039228177727006,564885759.2688864,,,0.0312694280637049,2751709669.606031,5.338506236745961,6940058107.76975
2020-12-27,26446.688134460008,515710418621.97015,635.8506054950288,76302072659.40346,1.3235280700415355,767646280.6240906,33.5625079039643,4933688661.882752,0.294375326652575,15601892312.586473,0.1580328192342393,5531148673.198376,0.0045231400498604,651332167.1798975,,,0.0277240902696395,2439719943.7282763,5.183515917098445,6738570692.227979
2021-01-03,32128.155594640688,626499034095.4934,774.055068804294,92886608256.51529,1.7988290432586018,1043320845.0899891,38.19664339567115,5614906579.163659,0.2209034497170201,11707882835.002066,0.1772689402439037,6204412908.536629,0.010541795408236,1518018538.785984,,,0.0271691857041325,2390888341.9636602,9.217269626440135,11982450514.372175
2021-01-10,40259.79716112491,785066044641.9357,1276.2483990829492,153149807889.9539,3.3845872917907607,1963060629.2386413,43.77325745018333,6434668845.1769495,0.3259252522786254,17274038370.767147,0.3314756191342332,11601646669.698162,0.0101864560577681,1466849672.3186064,,,0.0339229431993636,2985219001.543997,9.765220322081037,12694786418.705347
2021-01-17,36086.56320678164,703687982532.242,1231.1854631352587,147742255576.23105,3.447446328625464,1999518870.6027691,43.1570056929473,6344079836.863254,0.2798389638620817,14831465084.690329,0.3519128919112173,12316951216.892605,0.0092179073525947,1327378658.7736368,,,0.0301555040638537,2653684357.6191254,18.138773179351727,23580405133.157246
2021-01-24,32098.784035415403,625926288690.6003,1233.5251428197007,148023017138.36407,3.5068897573606237,2033996059.2691617,40.924464962506846,6015896349.488506,0.2716578868911219,14397868005.229462,0.3457526812923813,12101343845.233345,0.0085580026277663,1232352378.3983471,,,0.0292419309832151,2573289926.5229287,18.72177991388039,24338313888.044506
2021-01-31,34280.09538924642,668461860090.3052,1377.8375600041188,165340507200.49426,4.238982707473066,2458609970.3343782,44.83683056806762,6591014093.5059395,0.4403727570657087,23339756124.482563,0.3636732235718497,12728562825.01474,0.0283498102425272,4082372674.923917,,,0.0320895364249125,2823879205.3923,16.55244754021218,21518181802.275837
2021-02-07,39243.83171725518,765254718486.4761,1677.8841615345443,201346099384.14532,6.106780293830742,3541932570.42183,72.86485440234861,10711133597.145247,0.4423789319145962,23446083391.4736,0.6320778174809386,22122723611.83285,0.0576693050023377,8304379920.336628,,,0.0350891683134249,3087846811.5813913,20.40704816889026,26529162619.55734
2021-02-14,47159.49675628859,919610186747.6274,1816.6285688865717,217995428266.3886,8.725771508043763,5060947474.665382,133.44633203453407,19616610809.076508,0.6330404164187973,33551142070.196255,0.9115547177337836,31904415120.682426,0.0662847050038728,9544997520.557684,,,0.0599099837238507,5272078567.698862,28.013880524189982,36418044681.446976
2021-02-21,56052.97765794679,1093033064329.9624,1919.0109115787832,230281309389.45398,10.019913945676205,5811550088.492199,255.5682523078624,37568533089.255775,0.5150921511976367,27299884013.474747,1.1216653839868769,39258288439.54069,0.0542892122923168,7817646570.093619,,,0.0577409678652231,5081205172.139632,39.21492702054188,50979405126.704445
2021-02-28,46191.91075569228,900742259735.9995,1461.3607916942435,175363295003.30923,13.195833106650133,7653583201.857077,225.3531218655216,33126908914.231674,0.4373590547377271,23180029901.099537,1.3206145300326015,46221508551.14105,0.0500521177275861,7207504952.772399,,,0.0465816177197487,4099182359.3378854,33.39428979366318,43412576731.76213
2021-03-07,48873.45722427386,953032415873.3402,1651.4483156594224,198173797879.13068,13.022932712971528,7553300973.523486,226.34821595640415,33273187745.591408,0.4629117224094892,24534321287.702927,1.129611298296536,39536395440.37876,0.0509990640808821,7343865227.647023,,,0.0502591993384015,4422809541.779332,33.39084153125865,43408093990.636246
2021-03-14,61165.717428716234,1192731489859.9666,1921.3306821595916,230559681859.151,15.298065393415229,8872877928.180832,275.81040109988976,40544128961.68379,0.4585119692751758,24301134371.584316,1.1009733782128852,38534068237.45098,0.0625764519650238,9011009082.963427,,,0.0528314724759677,4649169577.885158,37.230863656692605,48400122753.700386
2021-03-21,58074.13502623723,1132445633011.626,1803.9660002174671,216475920026.09607,14.163778176749288,8214991342.514587,264.16855876478473,38832778138.423355,0.5244790951215987,27797392041.444733,1.2008183728440325,42028643049.54114,0.0588784280772799,8478493643.128305,,,0.0606724543046341,5339175978.807801,37.19806690713323,48357486979.2732
2021-03-28,55867.73820195916,1089420894938.2036,1714.304847876998,205716581745.23978,16.504682902548424,9572716083.478086,269.13358629169494,39562637184.87916,0.5494665585727221,29121727604.35427,1.1764524690785976,41175836417.750916,0.0544325427706966,7838286158.98031,,,0.0636891527332494,5604645440.525948,32.61700583909595,42402107590.82474
2021-04-04,57105.48243109474,1113556907406.3474,2012.1737323116208,241460847877.3945,22.43567890371945,13012693764.15728,321.88211616096015,47316671075.66114,0.5792349465938473,30699452169.473907,1.1634544155195914,40720904543.1857,0.0556835538056157,8018431748.008661,,,0.1012564487607441,8910567490.94548,41.63064518595974,54119838741.747665
2021-04-11,59757.07204297467,1165262904838.006,2133.5464917873496,256025579014.48196,26.80540239311603,15547133388.007298,471.4257328190786,69299582724.40456,1.372275190753357,72730585109.92792,1.217539765594666,42613891795.81331,0.0637762312740368,9183777303.461298,,,0.1257724021674285,11067971390.733707,41.5511491421531,54016493884.799034
2021-04-18,60101.660970795965,1171982388930.5212,2321.826460124408,278619175214.92896,24.895030277230635,14439117560.793768,515.5723568143991,75789136451.71666,1.5443671592836972,81851459442.03595,1.3732848684760257,48064970396.6609,0.2822089304306544,40638085982.01424,,,0.1556828059628589,13700086924.731585,42.174731759684434,54827151287.58977
2021-04-25,50241.15250882547,979702473922.0967,2219.2677960946103,266312135531.35324,40.844276655628555,23689680460.26456,497.5341993614795,73137527306.1375,1.0641591058637152,56400432610.77691,1.108313853652896,38790984877.851364,0.2705085599888033,38953232638.38767,,,0.1029604005441721,9060515247.887146,29.403309120512503,38224301856.66625
2021-05-02,57916.227826374525,1129366442614.3032,2950.267097904185,354032051748.5022,49.64912813856142,28796494320.365623,626.1999811665349,92051397231.48064,1.661404427513797,88054434658.23123,1.354539713045017,47408889956.57559,0.3938067550018298,56708172720.2635,,,0.1312530092933729,11550264817.816816,36.88703921288266,47953150976.74746
2021-05-09,58944.026853091775,1149408523635.2896,3908.543390684416,469025206882.12994,45.690286111619535,26500365944.73933,646.4365150962296,95026167719.14575,1.5701103787643116,83215850074.50851,1.6222639928187659,56779239748.65681,0.6376815297609306,91826140285.574,,,0.1434467602798557,12623314904.627302,39.76324773854187,51692222060.10443
2021-05-16,46887.89770995539,914314005344.1301,3654.7370077495057,438568440929.9407,43.55050468969847,25259292720.025112,563.5308879593068,82839040530.0181,1.4932875545392428,79144240390.57986,2.1756051533849314,76146180368.4726,0.5092753444614265,73335649602.44542,34.4983645137552,15524264031.18984,0.1211038471707352,10657138551.024698,43.68774762401025,56794071911.213326
2021-05-23,37536.95640358539,731970649869.9152,2302.2273575158733,276267282901.9048,31.31638144617835,18163501238.783443,299.26268249083887,43991614326.15331,0.9069923088470324,48070592368.892715,1.466213682834267,51317478899.19934,0.3434545015621904,49457448224.955414,18.824215422112616,8470896939.950677,0.0752879947899755,6625343541.517844,22.123135434246183,28760076064.52004
2021-05-30,34625.50897363466,675197424985.876,2280.793763607173,273695251632.86075,27.34069976571491,15857605864.114647,305.07041301174877,44845350712.727066,0.832384850651956,44116397084.553665,1.4037755468548108,49132144139.91837,0.3020961594525291,43501846961.16419,16.166569072023087,7274956082.410389,0.0686598904687087,6042070361.246366,19.91075281787377,25883978663.2359
2021-06-06,35549.01181145003,693205730323.2755,2628.3210549418245,315398526593.0189,39.55595455677882,22942453642.931717,390.50211431482927,57403810804.2799,0.923274520211776,48933549571.22413,1.6623234800098063,58181321800.34322,0.3713676374082853,53476939786.79308,17.230398380284445,7753679271.128,0.0756482788065469,6657048534.976127,23.760330990513467,30888430287.667507
2021-06-13,35562.54743365296,693469674956.2327,2374.06147947545,284887377537.054,36.427426789539545,21127907537.932938,343.8522912279478,50546286810.50832,0.8339948167567498,44201725288.10774,1.4766037752078625,51681132132.275185,0.3131614276640896,45095245583.62891,13.543711826277836,6094670321.825026,0.0682700302109791,6007762658.566161,20.77600191220854,27008802485.8711
2021-06-20,35615.45874965369,694501445618.247,2177.5907033303433,261310884399.6412,35.2388414054474,20438528015.159492,334.96734896625,49240200298.03874,0.7620613335574282,40389250678.54369,1.3915260795009536,48703412782.53338,0.2877948584303246,41442459613.96674,13.46044987489799,6057202443.704095,0.068784612703523,6053045917.910024,20.339267749124353,26441048073.86166
2021-06-27,32088.063728562163,625717242706.9622,1824.9524905096316,218994298861.1558,29.75463396713551,17257687700.938595,279.2418824900856,41048556726.04258,0.615220254715315,32606673499.911697,1.2439844659550496,43539456308.426735,0.2443568379299432,35187384661.91182,10.274383320602409,4623472494.271084,0.0624153253535524,5492548631.112612,14.446867365825488,18780927575.573135
2021-07-04,34721.186005209805,677063127101.5912,2219.6102088562607,266353225062.75128,34.382022894818206,19941573278.99456,297.2807429126627,43700269208.161415,0.6702603230918471,35523797123.8679,1.4045622917396676,49159680210.88837,0.2456543380369895,35374224677.326485,11.466315583649218,5159842012.642148,0.066572337317132,5858365683.907616,15.461821893310454,20100368461.30359
2021-07-11,33522.49204053653,653688594790.4623,2111.1327548835134,253335930586.0216,31.749577621699263,18414755020.58557,316.1645420581287,46476187682.544914,0.6249205598885046,33120789674.090744,1.3354528287619591,46740849006.66857,0.2140436764730503,30822289412.119244,12.04337446249006,5419518508.120527,0.0614104920003733,5404123296.03285,15.293157307230675,19881104499.39988
2021-07-18,31558.91089176516,615398762389.4207,1899.4232998939656,227930795987.27588,26.760420248419944,15521043744.083567,298.8521810880991,43931270619.95057,0.5823730629735754,30865772337.599495,1.1722907732698367,41030177064.44428,0.1861720197287101,26808770840.934254,10.943632448055972,4924634601.625187,0.0559949820017244,4927558416.151747,12.300501575218302,15990652047.783792
2021-07-25,34277.81402535206,668417373494.3652,2187.122173466689,262454660816.00272,28.71089549349207,16652319386.2254,301.4066587809048,44306778840.79301,0.6095438426555752,32305823660.745483,1.233583006285023,43175405219.97581,0.1973190225307328,28413939244.42552,11.176079821029605,5029235919.463323,0.0573719559802816,5048732126.264781,13.79955142782375,17939416856.170876
2021-08-01,41663.46702783935,812437607042.8674,2538.9353557224986,304672242686.6998,36.860993778203934,21379376391.35828,333.9334636897546,49088219162.39393,0.7491900212870352,39707071128.21286,1.3225256347825267,46288397217.388435,0.2085047364730094,30024682052.113354,13.563698151332396,6103664168.099578,0.0641691539169271,5646885544.689585,16.870898960596914,21932168648.77599
2021-08-08,44586.84819110112,869443539726.4718,3158.652350043001,379038282005.16016,39.33680053903748,22815344312.64174,355.44601182175023,52250563737.79729,0.8165803897134435,43278760654.81251,1.4724937311902764,51537280591.659676,0.2600358579006649,37445163537.69575,15.7772982262907,7099784201.830815,0.0751748686402265,6615388440.339932,20.964864266823,27254323546.8699
2021-08-15,47138.74144759146,919205458228.0336,3269.2410410299904,392308924923.5988,44.213195971522694,25643653663.483162,409.61349011112986,60213183046.33609,1.2825486929732908,67975080727.58441,2.1928182409002637,76748638431.50923,0.2942073893956014,42365864072.966606,18.071707427382893,8132268342.322302,0.0926782565671837,8155686577.912166,22.903582375695148,29774657088.403694
2021-08-22,48950.374815392475,954532308900.1533,3230.6788164767877,387681457977.21454,73.99873762983577,42919267825.30475,449.6214826822393,66094357954.28918,1.2194669644553202,64631749116.13197,2.441440965187584,85450433781.56544,0.3173383037188955,45696715735.52095,43.93878145109444,19772451652.9925,0.0882122811465129,7762680740.893135,27.953257698614213,36339235008.19848
2021-08-29,48904.43182121515,953636420513.6954,3244.537274300309,389344472916.0371,96.58000281593014,56016401633.23949,486.31911681409326,71488910171.6717,1.1459617650079301,60735973545.420296,2.8500613987626093,99752148956.69133,0.2857557967670577,41148834734.45631,50.19468628562217,22587608828.529976,0.0883312861236233,7773153178.878851,25.955630350167365,33742319455.217575
2021-09-05,49954.3573138128,974109967619.3496,3888.6242557975575,466634910695.7069,139.089260104568,80671770860.64944,498.12033012744456,73223688528.73434,1.254842438383096,66506649234.30409,2.8341648579088417,99195770026.80946,0.2994441359768848,43119955580.67141,47.13474238388032,21210634072.746143,0.1016420217994287,8944497918.349726,32.43014627044207,42159190151.57469
2021-09-12,45164.57642234726,880709240235.7715,3266.755574961128,392010668995.3353,178.65687553509568,103620987810.3555,405.2832638517722,59576639786.21051,1.0781989827910756,57144546087.92701,2.633904378955571,92186653263.44499,0.241006076497655,34704875015.662315,57.37013672470344,25816561526.11655,0.0952972122325428,8386154676.463766,31.473285754042173,40915271480.25482
2021-09-19,48299.91417646133,941848326440.996,3434.859832798274,412183179935.7929,169.3774591615691,98238926313.71008,411.2232817981411,60449822424.326744,1.0760098602023578,57028522590.72496,2.3726055650090876,83041194775.31807,0.2415967098254697,34789926214.86764,68.84344790287231,30979551556.29254,0.1059181979425788,9320801418.946934,34.94888210723655,45433546739.40752
2021-09-26,42737.49015976674,833381058115.4514,2930.355049861386,351642605983.3663,136.32132885544243,79066370736.15662,350.1670311555963,51474553579.87266,0.9424826722422914,49951581628.841446,2.303543815867093,80624033555.34825,0.20901467032916,30098112527.39904,68.51917701040946,30833629654.684258,0.0908426363751905,7994152001.016764,29.87942525784572,38843252835.19944
2021-10-03,47688.568786075666,929927091328.4755,3390.0052834633584,406800634015.603,169.21205292275957,98142990695.20055,427.4483918784777,62834913606.13622,1.0379816262067634,55013026188.95846,2.2507740872947193,78777093055.31517,0.2189200193543856,31524482787.031525,69.10904428126914,31099069926.57111,0.0935952612037754,8236382985.932235,32.09879344227499,41728431474.95749
2021-10-10,55116.453892864854,1074770850910.8646,3586.604570790969,430392548494.91626,157.30485452951703,91236815627.11987,422.85530442260847,62159729750.12344,1.1636501770317595,61673459382.68326,2.2728761857051794,79550666499.68127,0.2474399149816778,35631347757.3616,60.74923409650066,27337155343.425297,0.103164484529755,9078474638.61844,36.46504519834814,47404558757.852585
2021-10-17,60877.33906024124,1187108111674.704,3830.6810993791087,459681731925.49304,157.5049822982131,91352889732.9636,465.70118701628655,68458074491.39413,1.1342583698204747,60115693600.48516,2.177447828097028,76210673983.39598,0.2374585186253646,34194026682.0525,57.502342249162375,25876054012.12307,0.0986574013633318,8681851319.973198,41.779896916428086,54313865991.356514
2021-10-24,61469.32482400197,1198651834068.0383,4176.159163360614,501139099603.2737,198.37333299674344,115056533138.11119,486.51842066287753,71518207837.443,1.0960763872154935,58092048522.42116,2.1702323541818087,75958132396.36331,0.2514491297226316,36208674680.05895,65.58636018977552,29513862085.398983,0.1009314285738472,8881965714.498552,44.10535285586282,57336958712.621666
2021-10-31,61878.209200690726,1206625079413.4692,4321.822498191846,518618699783.0215,195.54443721598375,113415773585.27057,528.1510463031186,77638203806.55844,1.082069031199798,57349658653.589294,1.956442717688654,68475495119.10289,0.2685183405593654,38666641040.54862,62.385372203724806,28073417491.676163,0.1009786361534982,8886119981.507841,42.73251885992501,55552274517.90251
2021-11-07,61588.4662843979,1200975092545.759,4524.148094270042,542897771312.405,259.07987612599,150266328153.0742,636.7003589034427,93594952758.80609,1.1535668594755217,61139043552.20265,2.007586817832905,70265538624.15167,0.2621994893676686,37756726468.94428,78.58557270470698,35363507717.11814,0.1026740937736946,9035320252.085125,52.058352666639934,67675858466.63191
2021-11-14,64546.97499945137,1258666012489.3018,4658.976051358215,559077126162.9858,241.7770240674749,140230673959.13544,651.14994046365,95719041248.15654,1.1923668164794992,63195441273.41345,2.0549173546194184,71922107411.67964,0.2620223050208903,37731211923.0082,97.46911093453444,43861099920.5405,0.1129135913622392,9936396039.87705,47.18939307943853,61346211003.27009
2021-11-21,59854.3872399593,1167160551179.2063,4422.595593440763,530711471212.89154,218.49304317458476,126725965041.25916,605.3311491257003,88983678921.47795,1.0994199424372353,58269256949.17347,1.9265239456067325,67428338096.235634,0.2338443407838336,33673585072.872036,125.88534259688056,56648404168.59625,0.1054428373879321,9278969690.138025,42.13571479898519,54776429238.68075
2021-11-28,54943.780141809715,1071403712765.2894,4104.830823227005,492579698787.24054,193.43544290305408,112192556883.77136,602.4149063939992,88554991239.9179,0.9485045614610532,50270741757.43582,1.548570889591748,54199981135.71118,0.2054848172731853,29589813687.338684,113.6803158963016,51156142153.33572,0.0936007387990222,8236865014.313953,35.20404541798563,45765259043.381325
2021-12-05,49350.95435855653,962343609991.8524,4128.822559203143,495458707104.3772,201.9666033421308,117140629938.43587,572.1586817037271,84107326210.44788,0.8487013015764261,44981168983.55058,1.4255613368732187,49894646790.56265,0.179864572114939,25900498384.551216,93.11935522532714,41903709851.39722,0.087294688333235,7681932573.32468,29.45278548593218,38288621131.71183
2021-12-12,49450.27338125528,964280330934.478,4091.8800474869736,491025605698.4368,172.00299609397243,99761737734.50401,565.5196065898582,83131382168.70915,0.8404755291879483,44545203046.96126,1.3554080392940306,47439281375.29107,0.1691356469849603,24355533165.834286,86.56653353138262,38954940089.12218,0.0917068441692172,8070202286.891114,27.838158449532767,36189605984.39259
2021-12-19,46950.53960689337,915535522334.4207,3969.521436234229,476342572348.1075,183.13092307242152,106215935382.00449,535.2878056083938,78687307424.43388,0.8278575631544166,43876450847.18408,1.2446790482095105,43563766687.33286,0.172679461708242,24865842485.986847,116.17662942862913,52279483242.88311,0.0805774371233431,7090814466.854193,25.567395225341546,33237613792.944008
2021-12-26,50643.57233658396,987549660563.3872,4110.627054382384,493275246525.88605,193.90010405249004,112462060350.44421,549.446653359391,80768658043.83047,0.9293273120208966,49254347537.10752,1.458670565904602,51053469806.66107,0.191553091523611,27583645179.399982,115.58203602562392,52011916211.53076,0.0818049532615801,7198835887.01905,28.988243337204423,37684716338.36575
2022-01-02,47791.32202628568,931930779512.5707,3773.348479069508,452801817488.34094,179.01486817710483,103828623542.7208,528.4314992413633,77679430388.48041,0.8516086567542897,45135258807.97735,1.3779101214778775,48226854251.725716,0.1733828519451281,24967130680.098446,114.41021376412893,51484596193.85802,0.0767085069964517,6750348615.687749,28.611861509567326,37195419962.43752
2022-01-09,41840.402865526135,815887855877.7596,3092.8318766047705,371139825192.57245,142.48626765105504,82642035237.61192,431.4090800637504,63417134769.371315,0.7486908345177573,39680614229.44114,1.1877613402979816,41571646910.42936,0.1515252125363016,21819630605.227432,84.24405523114882,37909824854.01697,0.0656869822573081,5780454438.643112,24.07002710563791,31291035237.32928
2022-01-16,43197.25650241013,842346501796.9974,3334.149864060241,400097983687.2289,147.89311298261663,85778005529.91765,495.8563195417205,72890878972.63292,0.7817040639479808,41430315389.24298,1.2961411783821042,45364941243.37365,0.185164221185251,26663647850.676144,93.47617006862552,42064276530.881485,0.0686504533159091,6041239891.800001,27.77391545645561,36106090093.392296
2022-01-23,35174.168591980866,685896287543.6268,2416.6010196347506,289992122356.1701,94.89481193440386,55038990921.95424,359.8821463914542,52902675519.54377,0.5987885422034228,31735792736.78141,1.0711700163082307,37490950570.78808,0.133530219175423,19228351561.26091,60.00197554920383,27000888997.141724,0.0569837252812969,5014567824.7541275,18.305413886419007,23797038052.34471
2022-01-30,38240.32134974873,745686266320.1002,2602.4089488043546,312289073856.5226,96.2595292187684,55830526946.88567,390.36615509441066,57383824798.878365,0.6185528393675326,32783300486.479225,1.0618252782321225,37163884738.12428,0.1433304163068809,20639579948.19085,72.21062981309791,32494783415.89406,0.0604779207877792,5322057029.32457,18.758701445008363,24386311878.51087
2022-02-06,41474.36291923652,808750076925.112,3018.5923693264954,362231084319.17944,113.91890022515568,66072962130.590294,414.66938300637145,60956399301.9366,0.667787824632124,35392754705.50257,1.128006436445754,39480225275.601395,0.147120604265015,21185367014.16216,77.33078024326511,34798851109.4693,0.0648346543946229,5705449586.726815,21.382338166078505,27797039615.902058
2022-02-13,42347.29305812986,825772214633.5322,2925.044183663944,351005302039.6733,96.10833714342623,55742835543.18721,405.10648599983386,59550653441.97558,0.8248427728097045,43716666958.91434,1.060546709212849,37119134822.44972,0.1447946750360083,20850433205.185192,81.465694681539,36659562606.69255,0.0636195481194051,5598520234.507648,18.87447615288579,24536818998.75153
2022-02-20,40218.913639647784,784268815973.1318,2770.4181294047175,332450175528.5661,91.50159032953046,53070922391.12766,401.1928334850114,58975346522.29668,0.8242946894478652,43687618540.736855,0.999849798043709,34994742931.529816,0.1414074456247942,20362672169.970367,85.26153451667471,38367690532.503624,0.0637038028482915,5605934650.649652,17.916244147201013,23291117391.361317
2022-02-27,39176.060222279106,763933174334.4425,2784.3994954416926,334127939453.0031,90.15117821623181,52287683365.41445,374.473182383517,55047557810.377,0.7517712434604633,39843875903.40456,0.8885040024539841,31097640085.889442,0.1278123110286946,18404972788.13202,81.88956695874626,36850305131.435814,0.059693488842845,5253027018.17036,18.04371121040611,23456824573.527943
2022-03-06,39487.91412957269,770014325526.6674,2671.2111697623627,320545340371.4835,89.82910111048567,52100878644.08169,385.7823198453491,56710001017.26632,0.7560622255119588,40071297952.13381,0.867030119467536,30346054181.36376,0.1252415757770165,18034786911.890377,76.90322937518388,34606453218.83275,0.0605213888093079,5325882215.219095,17.357294650793612,22564483046.031696
2022-03-13,38893.27332893673,758418829914.2662,2575.4606689091856,309055280269.1023,81.31935443500628,47165225572.30364,373.25200740590685,54868045088.668304,0.7865337060474945,41686286420.51721,0.7905537067670438,27669379736.846535,0.1150228549112973,16563291107.22681,71.0178552242672,31958034850.92024,0.0597209961621603,5255447662.270106,18.15713772184087,23604279038.393127
2022-03-20,42253.16645039651,823936745782.7319,2953.7740495031785,354452885940.3814,92.45179468350138,53622040916.4308,400.5759273547782,58884661321.15239,0.8200374176425326,43461983135.05423,0.9028012466993178,31598043634.476124,0.1236742384102752,17809090331.079628,89.71260555035626,40370672497.66032,0.0619233133734706,5449251576.865413,19.40340129626712,25224421685.147255
2022-03-27,44609.40365865711,869883371343.8136,3151.414267817601,378169712138.1121,101.91711137015056,59111924594.687325,417.15710082551254,61322093821.35034,0.8344158027675224,44224037546.67869,1.154979747761419,40424291171.649666,0.1363320237893042,19631811425.659805,86.12590196972822,38756655886.3777,0.0663855350585157,5841927085.149382,20.945007388418794,27228509604.94443
2022-04-03,45919.64190495171,895433017146.5585,3449.6880955112524,413962571461.3503,132.5804183970524,76896642670.29039,438.0401971198551,64391908976.618706,0.8259992574378692,43777960644.20707,1.1585292410530024,40548523436.85508,0.1389918461723674,20014825848.820904,96.25825138749154,43316213124.37119,0.0733438847813363,6454261860.757594,22.66076877036404,29458999401.47325
2022-04-10,42860.718687993016,835784014415.8638,3268.6606487007657,392239277844.09186,113.16300704910644,65634544088.481735,427.8795132074056,62898288441.48862,0.7644982890514141,40518409319.72495,1.047299422250668,36655479778.77338,0.1445389484688839,20813608579.519283,84.77672275022717,38149525237.60223,0.0641013774463288,5640921215.276934,19.807056178572758,25749173032.144585
2022-04-17,40460.0846898496,788971651452.0673,3065.2549581013063,367830594972.15674,102.22790389311508,59292184258.00675,417.81064201119585,61418164375.64579,0.7824856325307638,41471738524.13048,0.9527611177573112,33346639121.505894,0.1438409331176555,20713094368.94239,77.92271580089155,35065222110.4012,0.0619940462510707,5455476070.094222,18.643019795412123,24235925734.03576
2022-04-24,39537.95131328508,770990050609.059,2942.235196476473,353068223577.17676,100.86392576878406,58501076945.89475,402.2646210783709,59132899298.52052,0.7078503940139133,37516070882.737404,0.8890052570539497,31115183996.88824,0.1341333814887509,19315206934.38013,72.97233691606169,32837551612.22776,0.0677692662023243,5963695425.804539,18.744514146766566,24367868390.796535
2022-05-01,37800.5612170464,737110943732.4048,2736.4783902162603,328377406825.95123,85.00644141588788,49303736021.214966,378.6192508347444,55657029872.70742,0.5876522696520052,31145570291.55628,0.7584397018342718,26545389564.199512,0.1277791250114587,18400194001.65005,57.19905435842406,25739574461.290825,0.0630491654967675,5548326563.715541,14.568682992567084,18939287890.337208
2022-05-08,35681.10491516561,695781545845.7294,2650.812300743528,318097476089.2233,79.29599024175744,45991674340.219315,367.5386561256602,54028182450.47205,0.5843617080513825,30971170526.723274,0.7647360584594028,26765762046.079098,0.1280978375306058,18446088604.407234,55.3908760667431,24925894230.034393,0.0837685161999522,7371629425.595793,13.827941754739264,17976324281.161045
2022-05-15,30096.429692004043,586880378994.0789,2056.686111351929,246802333362.23148,52.33258801107776,30352901046.425102,297.0333038042964,43663895659.23157,0.4275961517139344,22662596040.838524,0.5386162528778526,18851568850.724842,0.0896088622420086,12903676162.84924,33.928117273207874,15267652772.943544,0.0723958899646441,6370838316.888681,11.312976970743742,14706870061.966866
2022-05-22,29448.339679155783,574242623743.5377,1974.7678289725263,236972139476.70316,50.284725863432385,29165141000.790783,312.5296011482728,45941851368.7961,0.41467161856273,21977595783.824688,0.5284194425639306,18494680489.73757,0.0844180043573461,12156192627.457838,29.870106719067024,13441548023.58016,0.074049215675262,6516330979.423056,9.995003744275525,12993504867.558184
2022-05-29,29040.112256932694,566282189010.1875,1793.1228717994557,215174744615.9347,44.31107641385992,25700424320.038754,307.7034427745511,45232406087.85901,0.3863811186771213,20478199289.887432,0.4644957934750614,16257352771.62715,0.0818088024797459,11780467557.083408,24.789243170902044,11155159426.90592,0.0812284067268835,7148099791.965748,9.66147112991688,12559912468.891943
2022-06-05,29851.362761610995,582101573851.4144,1803.158600596894,216379032071.6273,38.96683266223305,22600762944.09517,301.47068708708883,44316191001.802055,0.3924165655985497,20798077976.723133,0.5663945272934205,19823808455.26972,0.0818083488386978,11780402232.772482,24.560614606787343,11052276573.054304,0.0804017469074239,7075353727.853303,9.434400913882092,12264721188.046719
2022-06-12,28406.71502257564,553930942940.225,1531.0460849807012,183725530197.68414,33.89118934049203,19656889817.48538,269.87306060934634,39671339909.57391,0.359579076175247,19057691037.28809,0.5533742187248262,19368097655.368916,0.0697810012178054,10048464175.363977,19.86604746511249,8939721359.300621,0.0761353889152783,6699914224.54449,8.025760073987849,10433488096.184204
2022-06-19,19106.02254511597,372567439629.7614,1005.1989308508444,120623871702.10132,31.97367631341026,18544732261.77795,197.92608253048348,29095134131.98107,0.3079586117646456,16321806423.526218,0.4557987619295982,15952956667.535936,0.0529418165330209,7623621580.75501,14.859568973856804,6686806038.235562,0.0609516297270718,5363743415.982318,7.059973140943267,9177965083.226248
2022-06-26,21467.791619530057,418621936580.8361,1240.259554781358,148831146573.76297,41.939084053240634,24324668750.879566,238.9421144821524,35124490828.8764,0.3665847593007575,19428992242.940147,0.4995438079635745,17484033278.72511,0.0682217825570321,9823936688.212622,21.511657203577087,9680245741.60969,0.0645803063081096,5683066955.113645,8.122576004241747,10559348805.51427
2022-07-03,19224.239477446918,374872669810.2149,1065.4165969303147,127849991631.63776,33.31184553619419,19320870410.99263,217.8627317581236,32025821568.444168,0.3150892859423109,16699732154.942478,0.4553294220603448,15936529772.112068,0.0665757300411088,9586905125.919666,16.307849362544665,7338532213.1451,0.0646408283024471,5688392890.615345,6.814306037536594,8858597848.797571
2022-07-10,21589.116339004573,420987768610.5892,1217.1332045029358,146055984540.3523,38.066577300370376,22078614834.214817,243.22188533818127,35753617144.71265,0.3448639673408568,18277790269.06541,0.4780033247346571,16730116365.713,0.0694668740184656,10003229858.659046,19.906488081882596,8957919636.847168,0.0698100978648141,6143288612.103641,7.257460992473496,9434699290.215546
2022-07-17,21157.22572962972,412565901727.77954,1352.8736400416824,162344836805.0019,39.53854690898696,22932357207.212437,249.2353002327934,36637589134.220634,0.349946073007408,18547141869.392624,0.4567927854057281,15987747489.200483,0.0642130921703821,9246685272.535023,21.188051413005656,9534623135.852545,0.068791999673701,6053695971.285688,7.163368815413776,9312379460.037909
2022-07-24,22474.941500490877,438261359259.5721,1550.7472570974728,186089670851.69675,40.02927671182698,23216980492.85965,259.42424092718846,38135363416.29671,0.3595429165444518,19055774576.855946,0.5176923190003246,18119231165.011364,0.0681110248102795,9807987572.680248,23.644651579591272,10640093210.816072,0.0670300970752941,5898648542.625881,7.335210917486074,9535774192.731895
2022-07-31,23647.423147070745,461124751367.8795,1696.7293998858793,203607527986.3055,43.81462825509358,25412484387.954277,287.7536484305752,42299786319.294556,0.3878659951884352,20556897744.987064,0.5257342067756651,18400697237.148277,0.0696447975370211,10028850845.33104,24.225562988289713,10901503344.730371,0.0691504865408814,6085242815.597564,8.210209012250429,10673271715.925558
2022-08-07,22945.491590216756,447437086009.22675,1688.5863640458308,202630363685.4997,40.020785383818385,23212055522.614662,314.93340040489466,46295209859.519516,0.3712663945734307,19677118912.391827,0.5114056633867864,17899198218.537525,0.0686119754934817,9880124471.061365,26.646226238687323,11990801807.409296,0.0694765562120245,6113936946.658156,8.508620409084807,11061206531.81025
2022-08-14,24420.376042944266,476197332837.4132,1981.1093281004944,237733119372.05933,46.558477848984495,27003917152.411007,324.05161861891366,47635587936.98031,0.3778660838614684,20026902444.657825,0.5598277780061595,19593972230.21558,0.0728807352264594,10494825872.610153,29.14456264088912,13115053188.400105,0.0699295491820524,6153800328.020611,9.29437281753554,12082684662.796204
2022-08-21,21215.72382959875,413706614677.17566,1579.0851904530787,189490222854.36945,35.30304732217456,20475767446.861244,284.2481794861517,41784482384.464294,0.337479168418751,17886395926.1938,0.4515207092521922,15803224823.826727,0.0693869975067371,9991727640.970142,22.34374678944597,10054686055.250687,0.0658404372039612,5793958473.9485855,7.241221867517673,9413588427.772976
2022-08-28,20061.586451971103,391200935813.4365,1492.7785383370056,179133424600.44067,31.529869110868145,18287324084.303524,278.1915536234767,40894158382.65108,0.3352025769648401,17765736579.136528,0.4501562524866838,15755468837.033932,0.0635275098406196,9147961417.049223,20.08527401229925,9038373305.534662,0.0629570233083363,5540218051.1335945,7.053064972868274,9168984464.728756
2022-09-04,19848.921705467845,387053973256.623,1558.300742737253,186996089128.47034,31.1383031552752,18060215830.059616,277.98408729497766,40863660832.36172,0.330005938283629,17490314729.032337,0.4805831208572188,16820409230.002659,0.0626855554692001,9026719987.564814,18.901076123231263,8505484255.454068,0.0631306009954137,5555492887.596406,7.291304619704594,9478696005.615973
2022-09-11,21729.74397331549,423730007479.65204,1781.1780153254615,213741361839.0554,35.17256022003245,20400084927.61882,297.661221093247,43756199500.707306,0.3584276211334517,18996663920.07294,0.5136382987962183,17977340457.867638,0.0649238873980863,9349039785.324427,20.529655694290323,9238345062.430645,0.064907583106411,5711867313.364167,7.802082190943526,10142706848.226583
2022-09-18,20126.854191078393,392473656726.0287,1470.8527037109995,176502324445.31995,33.72510884911024,19560563132.48394,279.32585517280205,41060900710.4019,0.3762537779288205,19941450230.227486,0.4866106505881328,17031372770.584648,0.0622529771447959,8964428708.850609,18.482541628293735,8317143732.732181,0.0623027533848761,5482642297.869097,7.065192188703456,9184749845.314493
2022-09-25,18937.41217855322,369279537481.7878,1318.991496185522,158278979542.26263,33.45630072183708,19404654418.66551,274.87421177013016,40406509130.20914,0.4882080298363045,25875025581.32414,0.4514840785976,15801942750.915998,0.0632048861764211,9101503609.404638,17.620417168293027,7929187725.731862,0.0598789828809984,5269350493.52786,6.2816056460273,8166087339.83549
2022-10-02,19317.550007703016,376692225150.2088,1312.1588921947189,157459067063.36627,32.462293193745644,18828130052.372475,283.0600397637068,41609825845.2649,0.4752032364221885,25185771530.375988,0.4303423790716457,15061983267.507599,0.0606378157460372,8731845467.429358,16.976695739335774,7639513082.701098,0.0605179942923385,5325583497.725788,6.2719403942521605,8153522512.527809
2022-10-09,19430.118351433986,378887307852.9627,1316.9990465173594,158039885582.08313,32.59536274946103,18905310394.687397,276.60292374763065,40660629790.9017,0.5166309053864029,27381437985.47935,0.4222022701728635,14777079456.050222,0.0616797547657931,8881884686.274206,16.802384888690653,7561073199.910794,0.0620793910919339,5462986416.090183,6.314460464414285,8208798603.738571
2022-10-16,19082.378241562237,372106375710.4636,1275.7690545901337,153092286550.81604,29.596821446653948,17166156439.05929,268.34757039685616,39447092848.33785,0.4813406008198008,25511051843.44944,0.364222187759203,12747776571.572105,0.0586065701188493,8439346097.1143,15.447764864919172,6951494189.213628,0.0617841513091016,5437005315.200941,6.0581450257788525,7875588533.512508
2022-10-23,19215.234359703027,374697070014.20905,1314.7104483662847,157765253803.95416,28.028421142097695,16256484262.416664,270.6139305112581,39780247785.15494,0.4656117416268999,24677422306.225693,0.3515810988336431,12305338459.177507,0.0597065651254949,8597745378.071266,15.692440797714184,7061598358.971383,0.0616479844474596,5425022631.376445,5.847990418721046,7602387544.337359
2022-10-30,20762.75096828995,404873643881.65405,1616.5207024254464,193982484291.05356,32.801344597189,19024779866.36962,303.694915102192,44643152520.022224,0.4691961463095006,24867395754.40353,0.4190716860242583,14667509010.849041,0.121344007132754,17473537027.116577,18.269421015965715,8221239457.184572,0.0640708232586609,5638232446.762159,6.617970739290526,8603361961.077684
2022-11-06,21284.533644661515,415048406070.89954,1627.1638046839382,195259656562.0726,36.788068546224224,21337079756.81005,349.09303626950765,51316676331.61762,0.4929629544760514,26127036587.230724,0.4264624458440056,14926185604.540195,0.1243685272197347,17909067919.641796,19.598186046096277,8819183720.743324,0.0635766950469739,5594749164.133703,7.0165410923475795,9121503420.051853
2022-11-13,16788.834436086225,327382271503.6814,1254.9847188081847,150598166256.98215,14.5398136024665,8433091889.430571,282.3251030320862,41501790145.71667,0.3631933900198705,19249249671.053135,0.3392379381547164,11873327835.415075,0.0880162588686999,12674341277.092787,13.071483462123092,5882167557.955392,0.0549003240192029,4831228513.689855,5.766700818505637,7496711064.057328
2022-11-20,16724.867424076147,326134914769.48486,1219.6389070450505,146356668845.40607,12.850911305948344,7453528557.45004,272.81083270189976,40103192407.17927,0.384928297457377,20401199765.240982,0.3287261954723581,11505416841.532534,0.0846590971982524,12190909996.548346,12.90633504059652,5807850768.268435,0.0522079972161882,4594303755.024562,5.607948014507113,7290332418.859247
2022-11-27,16505.304176760554,321853431446.8308,1208.611628379727,145033395405.56726,14.191225634284551,8230910867.885039,312.09436877517254,45877872209.95036,0.3975007859675741,21067541656.281425,0.314715247364419,11015033657.754665,0.0891639732674493,12839612150.512701,12.789088387009793,5755089774.154407,0.0530263415757575,4666318058.66666,5.315542150954187,6910204796.240442
2022-12-04,16908.323013314617,329712298759.635,1243.1114184862934,149173370218.3552,13.309434322212324,7719471906.883148,290.93931990688304,42768080026.311806,0.3877711406832741,20551870456.213528,0.3200767281414672,11202685484.951353,0.0997786991418962,14368132676.433054,13.43781870294924,6047018416.327158,0.0537064832861264,4726170529.179123,5.506848304656458,7158902796.053395
2022-12-11,17141.879948858557,334266659002.7419,1267.7195721448693,152126348657.3843,13.582304033718552,7877736339.55676,288.490516259857,42408105890.198975,0.3867726937233089,20498952767.335373,0.3127084331814239,10944795161.349836,0.0964232249592286,13884944394.128918,13.503196999381734,6076438649.72178,0.0548813197694709,4829556139.713439,5.279124275448184,6862861558.082639
2022-12-18,16794.678403713286,327496228872.40906,1189.0988820342152,142691865844.10583,12.521688589904675,7262579382.1447115,242.48811917520683,35645753518.7554,0.3550062610033251,18815331833.17623,0.2673093159693036,9355826058.925625,0.0793089075236612,11420482683.407211,11.976082700692956,5389237215.3118305,0.0549182473525784,4832805767.026899,4.714030699122228,6128239908.858896
2022-12-25,16851.971315036302,328613440643.2079,1221.7882565448006,146614590785.37607,11.45678471690132,6644935135.802765,244.79933063934416,35985501603.98359,0.3524545104358932,18680089053.10234,0.2594325630158198,9080139705.553694,0.0776290493033768,11178583099.68626,11.69305463357969,5261874585.110861,0.0548447101382198,4826334492.163342,4.457611985829272,5794895581.578054
2023-01-01,16613.944146983147,323971910866.1714,1199.9884786934424,143998617443.21307,9.896755249445501,5740118044.6783905,245.89516793913293,36146589687.05254,0.345382531243133,18305274155.88605,0.2455891095210761,8595618833.237663,0.0683884042409153,9847930210.691803,10.876395514378103,4894377981.470146,0.0544593924521988,4792426535.793494,4.324212717105323,5621476532.236919
2023-01-08,16951.70024719637,330558154820.3292,1265.218330147306,151826199617.67673,13.098622161088773,7597200853.431488,261.2024430371269,38396759126.45766,0.3444361204897816,18255114385.958427,0.2768427994907567,9689497982.176483,0.0722289922797592,10400974888.285324,11.752017621945795,5288407929.8756075,0.0521094215528653,4585629096.652146,4.667151611170447,6067297094.521582
2023-01-15,20974.673488802393,409006133031.64667,1551.9709976420336,186236519717.04404,24.269316036985025,14076203301.451315,305.37118962066216,44889564874.237335,0.3955521222298431,20964262478.181683,0.3527490147908805,12346215517.680817,0.0873669650206248,12580842962.96997,16.96873304740013,7635929871.330058,0.0619204339527152,5448998187.838938,6.030121349701442,7839157754.611875
2023-01-22,22798.868975089576,444577945014.2467,1628.0125260696163,195361503128.35397,24.59994509061082,14267968152.554276,299.45052227608886,44019226774.58506,0.4038547020087661,21404299206.464603,0.3693062961618733,12925720365.665565,0.0847211958280654,12199852199.241417,16.913096122759097,7610893255.241593,0.0618969900951505,5446935128.373243,6.247826427511925,8122174355.765503
2023-01-29,23086.888832526907,450194332234.2747,1577.33657473426,189280388968.1112,24.044427147284697,13945767745.425125,307.02305680195,45132389349.88665,0.4091180756273774,21683258008.251003,0.383102098446527,13408573445.628445,0.0879783617590358,12668884093.301155,20.64470704731007,9290118171.289532,0.0633848594979186,5577867635.816836,6.414679569689079,8339083440.595802
2023-02-05,23361.964039575985,455558298771.7317,1669.145012992258,200297401559.07095,24.369328110344217,14134210303.999645,330.98088306467355,48654189810.50701,0.4114559745737943,21807166652.4111,0.4001113095597554,14003895834.591438,0.0958151336491962,13797379245.484251,21.06732938030599,9480298221.137695,0.0639294426215791,5625790950.69896,6.889202719506383,8955963535.3583
2023-02-12,21890.933217071804,426873197732.9002,1541.364637456956,184963756494.83472,20.842157397686005,12088451290.657883,310.95630066815426,45710576198.21867,0.384193029742723,20362230576.36432,0.3689299739896216,12912549089.636755,0.0823942660986585,11864774318.206825,18.04456027949504,8120052125.772768,0.0638567865081535,5619397212.717508,6.281799995715998,8166339994.430798
2023-02-19,24667.422119520023,481014731330.64044,1694.7448922291824,203369387067.5019,23.49072279006208,13624619218.236006,317.0600227866587,46607823349.638824,0.394975297700718,20933690778.138054,0.4066658121723651,14233303426.032778,0.0890161414948888,12818324375.263988,19.594544938424484,8817545222.291018,0.0702709838810716,6183846581.534301,7.247684666773363,9421990066.805372
2023-02-26,23207.197373658717,452540348786.345,1597.2753448631156,191673041383.57388,22.43524413277835,13012441597.011444,303.00239869613023,44541352608.33115,0.3786992371335153,20071059568.07631,0.3627094746296606,12694831612.03812,0.0808783692918676,11646485178.028934,17.98391004943584,8092759522.246127,0.0680503406811406,5988429979.940373,6.552041402914432,8517653823.788761
2023-03-05,22384.54632322417,436498653302.87134,1569.7545767577433,188370549210.9292,21.01588673838293,12189214308.2621,289.9832576852315,42627538879.72903,0.3742665873722918,19836129130.731464,0.3369086573591324,11791803007.569633,0.0747493027529222,10763899596.420797,16.176923575921396,7279615609.164628,0.0669427688025771,5890963654.626785,5.921234146264078,7697604390.143302
2023-03-12,20565.64191422254,401030017327.3395,1478.523565693616,177422827883.23392,18.150742869552555,10527430864.340483,277.07802619782495,40730469851.08027,0.365710178079575,19382639438.217476,0.3065187375054098,10728155812.689342,0.0664093245357793,9562942733.15222,14.600673793610204,6570303207.124592,0.0591220712251061,5202742267.809337,5.483640437993419,7128732569.391444
2023-03-19,27024.63691687757,526980419879.1126,1765.8382540034117,211900590480.40942,21.260239593791848,12330938964.399271,332.42290496369344,48866167029.66293,0.3755400333652933,19903621768.360546,0.3384173979200507,11844608927.201775,0.0732243051812629,10544299946.101856,17.06022413274708,7677100859.736186,0.0661584237320256,5821941288.418253,6.33951659580175,8241371574.542274
2023-03-26,27533.730018672806,536907735364.11975,1746.002312920716,209520277550.4859,20.46908656319424,11872070206.652658,323.2203002281235,47513384133.53416,0.444418623523698,23554187046.755993,0.352363656158001,12332727965.530035,0.0741977282269381,10684472864.679087,16.93002947719543,7618513264.737943,0.0639063914803878,5623762450.274127,5.9213366776877105,7697737680.994023
2023-04-02,28517.268956343,556086744648.6885,1825.1211119238767,219014533430.8652,21.119724858933743,12249440418.181572,315.59293748248587,46392161809.92542,0.5106885128032524,27066491178.57238,0.3931738736590842,13761085578.067945,0.0820075657177402,11809089463.35459,17.83946115796405,8027757521.083822,0.0666511569587773,5865301812.372402,6.360618911724486,8268804585.241832
2023-04-09,28079.606291519856,547552322684.6372,1860.2226179628728,223226714155.54474,20.125100799716776,11672558463.83573,312.4219549567072,45926027378.63596,0.5079866903700097,26923294589.61051,0.3876189570691235,13566663497.419323,0.0818192484073969,11781971770.665154,17.569176802223044,7906129561.00037,0.0665951230898944,5860370831.910707,6.166559133832365,8016526873.982075
2023-04-16,30365.694539646654,592131043523.1097,2095.867290376395,251504074845.1674,24.1079207095922,13982594011.563477,333.8369227286756,49074027641.11531,0.520893886631643,27607375991.47708,0.4536159008307962,15876556529.077868,0.0891394953436789,12836087329.489761,19.13414887698333,8610366994.642498,0.0661973865360346,5825370015.171045,6.8149031023268245,8859374033.024872
2023-04-23,27947.727003361782,544980676565.55475,1884.1486007133335,226097832085.6,21.89429437678346,12698690738.534407,333.66838036797566,49049251914.09242,0.4743588264209651,25141017800.31115,0.3975697784147896,13914942244.517635,0.0806488834530523,11613439217.23953,17.35337245644902,7809017605.402059,0.0665198049686698,5853742837.242942,5.980424186350915,7774551442.25619
2023-04-30,29351.917673767995,572362394638.476,1914.734846222948,229768181546.75375,23.264350971165733,13493323563.276125,323.1438404954744,47502144552.83474,0.4801098438316707,25445821723.07855,0.4041503874384783,14145263560.34674,0.0819486388246885,11800603990.755144,17.573128855468944,7907907984.961025,0.0684671519636763,6025109372.803514,6.063900026725197,7883070034.742756
2023-05-07,29037.79827935127,566237066447.3497,1909.0576816916491,229086921802.9979,22.054956407063237,12791874716.096678,324.29750070347154,47671732603.41032,0.4616094271477303,24465299638.829704,0.3816456043289916,13357596151.514706,0.0772372242542102,11122160292.60627,16.70776683626321,7518495076.318445,0.0709049442100632,6239635090.485561,5.673435743342844,7375466466.345696
2023-05-14,26843.81679534866,523454427509.2988,1801.07357591882,216128829110.25842,20.892876776825588,12117868530.558842,311.6600166560368,45814022448.43741,0.4253437384386588,22543218137.248917,0.3655898650399946,12795645276.39981,0.071858480311977,10347621164.924688,15.016965025879392,6757634261.645726,0.0695792050591629,6122970045.206335,5.365042484805233,6974555230.246803
2023-05-21,27137.014835311096,529171789288.5664,1823.3712613294472,218804551359.53366,20.296436834324332,11771933363.908113,311.03686671420996,45722419406.98886,0.469173620114138,24866201866.049313,0.3668128257499577,12838448901.24852,0.0737380143264134,10618274063.00353,14.661685259841523,6597758366.928685,0.0728270371500057,6408779269.200501,5.416154054012819,7041000270.216664
2023-05-28,26851.738536791363,523608901467.4316,1831.2336727620973,219748040731.45166,20.41152249610624,11838683047.74162,307.4118522976092,45189542287.74855,0.4718239780086406,25006670834.457954,0.3670258289223319,12845904012.281616,0.0726358082042055,10459556381.405592,14.570519271052836,6556733671.973776,0.0772828893522075,6800894262.994261,5.332513342697661,6932267345.506959
2023-06-04,27109.33907761339,528632112013.4611,1894.0307611072549,227283691332.87057,21.190739650667247,12290628997.387003,306.99396057847605,45128112205.03598,0.5195960602222776,27538591191.780712,0.3765226554082838,13178292939.289932,0.0727944001642336,10482393623.649637,14.602976800305424,6571339560.137441,0.0819257478544481,7209465811.191433,5.336681225799343,6937685593.539146
2023-06-11,25918.567942321544,505412074875.27014,1756.9757218684003,210837086624.20804,15.67852478114761,9093544373.065615,239.53324347862076,35211386791.357254,0.5086603152243477,26958996706.89043,0.2759894326321392,9659630142.124872,0.0619508321239635,8920919825.850744,11.710274290424728,5269623430.691128,0.0699006705207719,6151259005.827927,4.535549740884317,5896214663.149612
2023-06-18,26561.47837281703,517948828269.93207,1732.267582330058,207872109879.60696,15.672984463708817,9090330988.951113,245.07800284913392,36026466418.822685,0.4804602308254499,25464392233.748844,0.2674487478705771,9360706175.470198,0.0623093704159094,8972549339.890953,11.651856189774405,5243335285.398482,0.0717703305947112,6315789092.334586,4.541284515565893,5903669870.2356615
2023-06-25,30556.553630523,595852795795.1985,1878.2534733499535,225390416801.99442,16.66731841346319,9667044679.80865,236.8289769109302,34813859605.90674,0.4874877860044751,25836852658.237183,0.2898553026634814,10144935593.22185,0.0667914716290116,9617971914.57767,13.031866272705056,5864339822.717275,0.0723247093058275,6364574418.91282,5.013609533611248,6517692393.694623
2023-07-02,30593.6473629914,596576123578.3323,1925.5806893939252,231069682727.27103,18.708149546755344,10850726737.1181,248.06543923299247,36465619567.24989,0.4736277765487395,25102272157.083195,0.2925324472610312,10238635654.136093,0.0685418218983928,9870022353.368563,13.018183685231572,5858182658.354207,0.0772508437418594,6798074249.2836275,5.353454997866961,6959491497.227049
2023-07-09,30323.647322349338,591311122785.8121,1868.0415594121869,224164987129.46243,21.856651199279234,12676857695.581955,236.702386778936,34795250856.50359,0.4712361168415749,24975514192.60347,0.2910426478782599,10186492675.739096,0.0658198879904896,9478063870.630503,13.67353035580286,6153088660.111287,0.0800414397684641,7043646699.624841,5.132057610473761,6671674893.61589
2023-07-16,30348.909363160317,591803732581.6262,1933.913059318528,232069567118.22336,27.48084760802675,15938891612.655516,251.41391868092617,36957846046.096146,0.7152161890679006,37906458020.59873,0.3266345464085542,11432209124.299398,0.0720189241851733,10370725082.664955,14.859827133823966,6686922210.220785,0.0808966735705394,7118907274.207467,5.438734594281398,7070354972.565817
2023-07-23,29824.206316687447,581572023175.4053,1869.315137946894,224317816553.6273,24.56236160816041,14246169732.733036,241.5108237588805,35502091092.555435,0.7339394079954502,38898788623.75886,0.3100979480322664,10853428181.129324,0.0705373158241377,10157373478.675829,13.531758106050816,6089291147.722867,0.0840005750761308,7392050606.699511,5.316653589673199,6911649666.575158
2023-07-30,29407.02732970491,573437032929.2457,1883.7393356565528,226048720278.78635,25.186602981489433,14608229729.26387,242.89946756461708,35706221731.99871,0.7135605650135358,37818709945.7174,0.3128799761935099,10950799166.772846,0.0802410957773016,11554717791.93143,13.263036599361053,5968366469.712474,0.0833504468921077,7334839326.505478,5.2565906512318294,6833567846.601378
2023-08-06,29101.862249766335,567486313870.4435,1838.1125210760972,220573502529.13165,22.66251372413512,13144257959.99837,243.40930601995916,35781167984.934,0.629321532401998,33354041217.305893,0.293908319293505,10286791175.272676,0.0757361812744371,10906010103.518942,12.445024797174543,5600261158.728544,0.0775984056403936,6828659696.354636,4.977029203565491,6470137964.635138
2023-08-13,29445.842367011417,574193926156.7227,1851.7394423444223,222208733081.3307,24.911077482522824,14448424939.863237,240.37143173032328,35334600464.35752,0.6278116892998182,33274019532.890366,0.2919608882386703,10218631088.35346,0.0767162933694845,11047146245.205769,12.401095437627296,5580492946.932283,0.0775665334717572,6825854945.514633,5.0377425246532725,6549065282.049254
2023-08-20,26138.447292626297,509699722206.21277,1672.9076009746316,200748912116.95578,21.929139704598448,12718901028.667099,217.21977359186468,31931306718.00411,0.5208913080815477,27607239328.32203,0.2692911585410529,9425190548.936852,0.0638443600182257,9193587842.6245,10.83132182779976,4874094822.509892,0.0741470786031571,6524942917.077825,4.5220742394028015,5878696511.223642
2023-08-27,26032.732863151025,507638290831.445,1649.8922164490652,197987065973.88782,20.30192433750215,11775116115.751247,216.53138117471815,31830113032.683567,0.5238497109248121,27764034679.015045,0.2615840196954617,9155440689.34116,0.0629171876365202,9060075019.658909,10.11629921833362,4552334648.250129,0.0774757922179424,6817869715.178931,4.509961686413295,5862950192.337283
2023-09-03,25972.30262877933,506459901261.1969,1640.6081917910751,196872983014.92902,19.52733855842786,11325856363.888159,214.750580798141,31568335377.326725,0.4997412136929372,26486284325.725674,0.2565661198086589,8979814193.30306,0.063567259133423,9153685315.212912,9.937254931787365,4471764719.304315,0.0770365881832111,6779219760.122577,4.267277763609258,5547461092.692035
2023-09-10,25932.476466995347,505683291106.4093,1638.7745089045588,196652941068.54706,19.458843576105068,11286129274.14094,214.30254632565752,31502474309.871655,0.5046367525222148,26745747883.677387,0.2537944937891555,8882807282.620441,0.0634442885890882,9135977556.828701,9.861970867461974,4437886890.357888,0.0793339233828348,6981385257.689463,4.241840729650273,5514392948.545356
2023-09-17,26581.686368589817,518342884187.5014,1638.079424628361,196569530955.40332,19.14043489797903,11101452240.827837,214.95953002938217,31599050914.31918,0.5001838616678841,26509744668.397858,0.2504924089271174,8767234312.449108,0.0621690259934142,8952339743.051645,9.390304001514759,4225636800.681641,0.0836039170821906,7357144703.232773,4.188147080801966,5444591205.042556
2023-09-24,26636.921254655455,519419964465.7814,1599.247627745702,191909715329.48422,19.511933645138885,11316921514.180553,210.85791062501943,30996112861.877857,0.5089994752325674,26976972187.326073,0.2467002283685447,8634507992.899065,0.0616145039947912,8872488575.249933,8.918046136753643,4013120761.5391397,0.0839754759093187,7389841880.020045,4.040063415487789,5252082440.134126
2023-10-01,26991.761372470424,526339346763.1733,1673.7042870436217,200844514445.2346,21.393067978615615,12407979427.597057,214.70095190068088,31561039929.40009,0.5156179300044021,27327750290.233315,0.2542145816700629,8897510358.452202,0.0621472705112565,8949206953.620935,9.250418857083696,4162688485.6876636,0.0887816665565314,7812786656.974763,4.107386805376797,5339602846.989837
2023-10-08,28011.625627765,546226699741.4175,1640.4737984062092,196856855808.74512,23.340790216141517,13537658325.36208,212.63847875054057,31257856376.329464,0.5230203989840674,27720081146.15557,0.2595018575808624,9082565015.330185,0.0615328842797789,8860735336.28816,10.37071071730474,4666819822.787133,0.0883197891688308,7772141446.857111,4.061050782192219,5279366016.849885
2023-10-15,26898.70410091481,524524729967.83875,1557.4946812282196,186899361747.38635,22.01017353526493,12765900650.45366,206.765345061288,30394505724.009335,0.487428620223972,25833716871.870514,0.2472663797560422,8654323291.461477,0.0599063374048193,8626512586.29398,9.1603351426665,4122150814.1999254,0.0852709035503913,7503839512.434434,3.7375449652667783,4858808454.846811
2023-10-22,29925.211168772243,583541617791.0587,1629.72401213084,195566881455.7008,29.362787408953135,17030416697.192818,214.2630220605187,31496664242.896248,0.5216567046803081,27647805348.05633,0.2589891290739762,9064619517.589167,0.0612369690270438,8818123539.894308,9.641759865512114,4338791939.480452,0.0917745753996548,8076162635.169623,3.908697256082682,5081306432.907486
2023-10-29,34141.57508833034,665760714222.4417,1779.7060733981673,213564728807.78006,31.66656507605695,18366607744.113033,225.9899991508489,33220529875.174786,0.545659678773594,28919962975.00048,0.2915289143482268,10203512002.187939,0.0690944853528753,9949605890.814043,10.988424309445078,4944790939.250285,0.0945755660967132,8322649816.510762,4.1846749556425955,5440077442.335374
2023-11-05,35134.68587955708,685126374651.363,1859.3522859843172,223122274318.11807,42.467818956849165,24631334994.972515,237.6630358420053,34936466268.77478,0.6163471292561375,32666397850.57529,0.3286245166996322,11501858084.487127,0.0691706474008663,9960573225.724747,12.235460823900292,5505957370.755132,0.0979599067124782,8620471790.698082,4.696809903531424,6105852874.590851
2023-11-12,37139.69737977077,724224098905.53,2054.254909649887,246510589157.98642,56.3552461232061,32686042751.459538,251.77622770861447,37011105473.16633,0.6632375713341605,35151591280.71051,0.3845934560163502,13460770960.572256,0.0784780461432123,11300838644.622572,16.819989930971932,7568995468.937369,0.1080994991167731,9512755922.276033,5.558877487351138,7226540733.556479
2023-11-19,36658.653441984185,714843742118.6917,1967.231070508492,236067728461.01904,58.650910551458125,34017528119.84571,245.41695012476487,36076291668.34044,0.6122869716955236,32451209499.86275,0.3782947314831738,13240315601.911081,0.080459418519664,11586156266.831615,22.049893311163167,9922451990.023426,0.1032216631938308,9083506361.05711,5.300827871174765,6891076232.527195
2023-11-26,37822.94156419885,737547360501.8777,2085.7410216946423,250288922603.3571,58.8621914796653,34140071058.20587,234.76824095161643,34510931419.88762,0.6234791613619295,33044395552.182262,0.3943218417744601,13801264462.106104,0.0789156410767985,11363852315.058985,21.32468529602864,9596108383.212889,0.1089891364083641,9591044003.93604,5.331639457573057,6931131294.844974
2023-12-03,39477.59427909542,769813088442.3607,2165.7776194981484,259893314339.7778,63.70466488056715,36948705630.72895,229.2176700140766,33694997492.06926,0.6210370525715082,32914963786.289936,0.397667202239534,13918352078.38369,0.0862197544369537,12415644638.921333,22.21392008042772,9996264036.192474,0.1035164574625404,9109448256.703556,5.562029084333938,7230637809.634119
2023-12-10,43767.13016572108,853459038231.561,2343.4451498196318,281213417978.35583,72.3682218102511,41973568649.94564,237.98617076231776,34983967102.06071,0.6596708363221327,34962554325.07304,0.5789875278984655,20264563476.446293,0.0985471350586016,14190787448.438631,31.862616138149228,14338177262.167152,0.1067932598972919,9397806870.961687,7.113704337144639,9247815638.28803
2023-12-17,42294.870702351865,824749978695.8613,2231.3043082162817,267756516985.9538,73.69650053040881,42743970307.63711,244.661664197031,35965264636.963554,0.6211073644706014,32918690316.941875,0.6085546426549387,21299412492.922855,0.0972375203499902,14002202930.398588,42.22808933301487,19002640199.856693,0.1030645000566458,9069676004.98483,7.099054754680439,9228771181.08457
2023-12-24,43768.593591199875,853487575028.3976,2311.0283566709895,277323402800.51874,107.95273006984894,62612583440.51238,271.26443955983876,39875872615.296295,0.6203857728210612,32880445959.516243,0.6136956520301632,21479347821.05571,0.0935851372195655,13476259759.617432,48.125515465585494,21656481959.513474,0.1069535973202452,9411916564.181578,8.336274292655023,10837156580.45153
2023-12-31,42252.137778782286,823916686686.2545,2297.424356376379,275690922765.16547,101.99836610195808,59159052339.13569,317.54333686811066,46678870519.61227,0.6224424188676027,32989448199.98294,0.602309190352525,21080821662.33837,0.0902502114694978,12996030451.607683,39.41751605136717,17737882223.115227,0.1064129546828242,9364340012.08853,8.366770435482746,10876801566.12757
2024-01-07,44031.699351140465,858618137347.239,2246.132927917997,269535951350.15967,93.94342037773568,54487183819.08669,308.0935625428294,45289753693.79592,0.5693696496480471,30176591431.3465,0.5238285889129931,18334000611.954758,0.0807417556078656,11626812807.532646,34.6791411074721,15605613498.362444,0.1042481561058232,9173837737.312443,7.147523677863931,9291780781.22311
2024-01-14,42928.02608883506,837096508732.2837,2580.932691973224,309711923036.78687,95.861489067627,55599663659.22366,302.55964190761426,44476267360.4193,0.5758662115348692,30520909211.348064,0.5499466572399317,19248133003.39761,0.0810252442586732,11667635173.248941,36.524846288449154,16436180829.80212,0.1144266448813413,10069544749.558035,7.627974884750904,9916367350.176174
2024-01-21,41748.45897773373,814094950065.8077,2474.0353317844924,296884239814.1391,92.8419549561082,53848333874.542755,317.6141303112806,46689277155.75825,0.5543244493644236,29379195816.31445,0.5164599832882065,18076099415.087227,0.088184604525253,12698583051.63643,32.8798530067273,14795933853.027287,0.1103278263345113,9708848717.436995,6.917179131059136,8992332870.376877
2024-01-28,42203.45546292227,822967381526.9843,2276.233687422689,273148042490.7227,94.36803990468071,54733463144.71481,306.3322542400819,45030841373.29204,0.5315267025126066,28170915233.168148,0.4870888367136155,17048109284.976543,0.0802765455936056,11559822565.479206,33.33916843387933,15002625795.245699,0.1127946466065735,9925928901.378468,6.679438970476389,8683270661.619307
2024-02-04,43028.245468362176,839050786633.0624,2298.6072300364735,275832867604.37683,97.93990475287957,56805144756.67015,299.86358570871846,44079947099.18161,0.5193566303866811,27525901410.4941,0.5127020365208536,17944571278.229874,0.0787192218945557,11335567952.816021,35.9557096384054,16180069337.28243,0.1173106085467098,10323333552.110462,6.831359392121594,8880767209.758072
2024-02-11,47721.8327504155,930575738633.1023,2500.6190636218366,300074287634.6204,108.97666924900444,63206468164.42258,322.97933105714606,47477961665.40047,0.5257629206391221,27865434793.87347,0.550926417457002,19282424610.99507,0.0814016808578196,11721842043.526022,40.21194626651727,18095375819.932774,0.1244325256182778,10950062254.408447,7.202213512395894,9362877566.114662
2024-02-18,51718.93157509787,1008519165714.4084,2789.3832577089506,334725990925.0741,109.03886830190596,63242543615.10546,353.1902467940744,51918966278.72894,0.5543430142860869,29380179757.162605,0.6094777556572117,21331721448.00241,0.0836723195108146,12048814009.557302,39.81657117361987,17917457028.12894,0.1360294908713553,11970595196.679266,7.712344896142516,10026048364.98527
2024-02-25,51657.17747669109,1007314960795.4762,2995.782161895523,359493859427.46277,104.17292001800912,60420293610.44529,382.34446895345343,56204636936.15765,0.5499018384097832,29144797435.718513,0.597728214639416,20920487512.37956,0.0862747109508254,12423558376.918858,36.830799191772165,16573859636.297474,0.1377637083661421,12123206336.220505,7.824730867765609,10172150128.095293
2024-03-03,62078.09823311494,1210522915545.7415,3423.980348335325,410877641800.23895,130.17031819431998,75498784552.70558,411.2977788795092,60460773495.28786,0.6448093273139403,34174894347.638832,0.7418324305917186,25964135070.710148,0.1420825551246652,20459887937.95179,44.42443517121271,19990995827.04572,0.1414065483624361,12443776255.894377,9.454928769699956,12291407400.609943
2024-03-10,68552.43418463394,1336772466600.3618,3919.690252679511,470362830321.5413,144.64838348671842,83896062422.29668,489.943490545927,72021693110.25127,0.6227465011108767,33005564558.876465,0.7441801571543888,26046305500.403606,0.1793521287174863,25826706535.318027,43.064394841809325,19378977678.814198,0.1364294663449029,12005793038.351456,10.535439708003198,13696071620.404158
2024-03-17,65337.30149713854,1274077379194.2017,3524.6757986297657,422961095835.5719,181.9503528460226,105531204650.69312,577.1072999663023,84834773095.04645,0.6032338257462257,31971392764.549965,0.6591341145099499,23069694007.848244,0.1424363304194439,20510831580.39992,53.54282160337599,24094269721.519196,0.1252801421952896,11024652513.185486,9.692152832916818,12599798682.791864
2024-03-24,64197.18535177138,1251845114359.542,3345.2184292009583,401426211504.115,172.9874250066256,100332706503.84285,553.2404004379827,81326338864.38345,0.6186433010760545,32788094957.030888,0.6251222972420885,21879280403.473095,0.1621329121136384,23347139344.36393,53.53927061973024,24092671778.87861,0.1186518055079332,10441358884.698122,9.011012752995464,11714316578.894104
2024-03-31,69746.46164769969,1360056002130.144,3512.814785142401,421537774217.08813,194.53860109798617,112832388636.83199,601.8253417168788,88468325232.38118,0.6229944184814965,33018704179.519314,0.6450004625071108,22575016187.74888,0.1996454766667091,28748948640.00611,53.06684838288571,23880081772.29857,0.1227486942161415,10801885091.020452,9.44669847317724,12280708015.130411
2024-04-07,68975.87715256105,1345029604474.9404,3358.8074940014776,403056899280.1773,178.88220118777122,103751676688.9073,586.0797435381493,86153722300.10794,0.5937619638567161,31469384084.405952,0.5844940732358997,20457292563.256493,0.1859389569616774,26775209802.481544,48.22416459809557,21700874069.143005,0.1197815384145268,10540775380.478357,8.499549329561242,11049414128.429615
2024-04-14,64423.25648472054,1256253501452.0505,3028.0585796588775,363367029559.0653,139.50523903623466,80913038641.0161,556.4051679917383,81791559694.78552,0.4824797748751947,25571428068.38532,0.4489304093791275,15712564328.269463,0.1535958294629626,22117799442.666615,34.19628047533348,15388326213.900066,0.1106626263538983,9738311119.143051,6.44057838131389,8372751895.708057
2024-04-21,65034.878872857385,1268180138020.719,3159.7093545638554,379165122547.66266,151.25521342413137,87728023785.9962,571.744779059068,84046482521.683,0.5296110875418623,28069387639.7187,0.5072227127187663,17752794945.15682,0.1628742416900637,23453890803.369175,38.322525771903734,17245136597.35668,0.1113044652860163,9794792945.169434,7.24044615224499,9412579997.918488
2024-04-28,63464.9884451613,1237567274680.6455,3255.054161920675,390606499430.481,141.3461434739838,81980763214.9106,595.9714537859,87607803706.52731,0.5180860318883528,27458559690.0827,0.4672000831015477,16352002908.554169,0.1477610132737926,21277585911.426132,34.45326846988148,15503970811.446665,0.119955504157484,10556084365.858593,6.803806769102865,8844948799.833725
2024-05-05,63921.6462741162,1246472102345.2659,3119.9806763947445,374397681167.3693,146.1329713424593,84757123378.6264,585.9895406383636,86140462473.83945,0.5307012940921912,28127168586.886135,0.463617994400872,16226629804.03052,0.1602321046781909,23073423073.65949,37.37368478124248,16818158151.559116,0.1225661046034773,10785817205.106003,7.131602271524538,9271082952.9819
2024-05-12,60912.55055933685,1187794735907.0686,2917.7923524967373,350135082299.60846,145.5893878505867,84441844953.34029,593.1325746735967,87190488477.0187,0.5069361460079773,26867615738.4228,0.4395029432014646,15382603012.051262,0.143215855323694,20623083166.611935,33.53078651299133,15088853930.846098,0.1266401383321362,11144332173.227985,6.668065401716483,8668485022.231428
2024-05-19,66989.15295030331,1306288482530.9146,3124.2107895517825,374905294746.21387,172.58121225655825,100097103108.80379,580.8634955731889,85386933849.25876,0.521811842263182,27656027639.948647,0.4826095611539833,16891334640.389416,0.1531552294002753,22054353033.63964,37.262757712262264,16768240970.518019,0.1232878336745501,10849329363.360409,7.162825348126481,9311672952.564426
2024-05-26,69323.16791217511,1351801774287.4146,3752.059724392848,450247166927.1417,168.43438315183835,97691942228.06624,602.7208482736485,88599964696.22632,0.5419426614401716,28722961056.329094,0.462533821988106,16188683769.58371,0.1735522942425723,24991530370.93041,38.297849559185146,17234032301.633316,0.1139316478541196,10025985011.162525,7.431152593136429,9660498371.077358
2024-06-02,67805.3304260629,1322203943308.2263,3815.7722100967744,457892665211.6129,166.1083941102396,96342868583.93896,601.8306026212715,88469098585.3269,0.5185407736285813,27482661002.314808,0.4501519988087402,15755319958.305906,0.1602815365344424,23080541260.959705,35.77382341519929,16098220536.83968,0.1127437992803054,9921454336.666874,7.060246478871018,9178320422.532324
2024-06-09,69373.60064048631,1352785212489.4832,3686.674715524916,442400965862.9899,158.03295564524,91659114274.23921,683.5981463845035,100488927518.52202,0.4939609643044514,26179931108.135925,0.4373191641688876,15306170745.911066,0.146160431981031,21047102205.268467,32.328029274073074,14547613173.332884,0.1149917352678656,10119272703.572172,6.394165549592656,8312415214.470452
2024-06-16,66296.67875728956,1292785235767.1462,3570.7274700576727,428487296406.9207,145.63604838045975,84468908060.66666,608.8277732997146,89497682675.05804,0.4914802222345442,26048451778.430843,0.41433508649379,14501728027.282648,0.136803942768063,19699767758.601074,30.03387939762582,13515245728.93162,0.1155583343468569,10169133422.523407,6.233515991075963,8103570788.398752
2024-06-23,64315.066218949534,1254143791269.5159,3497.5517684056304,419706212208.67566,133.69213581866703,77541438774.82687,591.2087151892839,86907681132.82474,0.4867915565441817,25799952496.84163,0.3847888258488156,13467608904.708546,0.1238329323296113,17831942255.464027,25.619666223628403,11528849800.632782,0.11988999392152,10550319465.09376,5.749097283466157,7473826468.506004
2024-06-30,60918.37615361528,1187908334995.498,3376.3658715482543,405163904585.7905,140.04167985369006,81224174315.14023,569.754126403943,83753856581.37962,0.4723788884095411,25036081085.70568,0.3835806515313005,13425322803.595518,0.1217209731628793,17527820135.45462,27.74282151271843,12484269680.723293,0.125450927870939,11039681652.642632,6.073948051361707,7896132466.770219
2024-07-07,58285.811779287855,1136573329696.1133,3069.96695745087,368396034894.1044,143.26044015089204,83091055287.51738,526.9405461024783,77460260277.0643,0.4492481656938939,23810152781.77638,0.3710734168015169,12987569588.053091,0.1134734689009616,16340179521.738472,27.45651472959467,12355431628.317602,0.1300066104466996,11440581719.309565,6.245329977973336,8118928971.365336
2024-07-14,59263.105550576896,1155630558236.2495,3180.1616843449574,381619402121.3949,142.03526506809237,82380453739.49358,532.815618726936,78323895952.85959,0.5264352306602235,27901067224.991844,0.4420003797230814,15470013290.30785,0.1123851732151169,16183464942.976833,25.89728460375707,11653778071.690681,0.1396487938230165,12289093856.425453,6.2428568794005415,8115713943.220704
2024-07-21,67179.21100606011,1309994614618.172,3521.913009510405,422629561141.2486,173.7451889724405,100772209604.01549,593.5203420046641,87247490274.68562,0.5942726005066129,31496447826.850483,0.4376788232595354,15318758814.083738,0.1343646649504051,19348511752.858337,29.126865917721926,13107089662.974867,0.1348841318912846,11869803606.433044,6.3377220589489704,8239038676.633661
2024-07-28,67976.22967611319,1325536478684.2073,3252.2138183921443,390265658207.0573,184.12516766682444,106792597246.75818,582.2179659705881,85586040997.67645,0.5966029731998292,31619957579.59095,0.418194439821723,14636805393.760305,0.1316576873109706,18958706972.779766,28.10366484666266,12646649180.998198,0.1374387964866948,12094614090.829142,5.837719014302425,7589034718.593152
2024-08-04,60778.74190602794,1185185467167.545,2908.4235091356372,349010821096.2765,142.66827359442544,82747598684.76675,530.3682696497043,77964135638.50653,0.5569549244830094,29518610997.5995,0.3648331373612003,12769159807.642012,0.1083028124265055,15595604989.416792,22.703876579866137,10216744460.939762,0.1255646422957559,11049688522.02652,5.053004079683661,6568905303.588759
2024-08-11,60967.702019366945,1188870189377.6555,2612.460733775751,313495288053.09015,154.15096750285372,89407561151.65515,523.896678386222,77012811722.77463,0.5854657792697768,31029686301.298172,0.345937886449435,12107826025.730227,0.1053002512409203,15163236178.692522,21.605166856725823,9722325085.52662,0.1291516256017221,11365343052.951546,4.759201679596122,6186962183.474958
2024-08-18,59504.26795007042,1160333225026.373,2617.478260696055,314097391283.52655,142.00013623612512,82360079016.95256,542.2782497340659,79714902710.90768,0.567141688307011,30058509480.27158,0.3370084544786521,11795295906.752823,0.1028115989206801,14804870244.577934,20.701597179381668,9315718730.72175,0.1349681955878466,11877201211.7305,4.365971918230355,5675763493.699461
2024-08-25,64181.325306445295,1251535843475.6833,2770.1586543877806,332419038526.5337,160.70485829270515,93208817809.76898,581.0153042393304,85409249723.18156,0.6135062163001718,32515829463.909103,0.3941199215584312,13794197254.545092,0.1125908625607161,16213084208.743118,27.138966927686056,12212535117.458725,0.1590371506623105,13995269258.283323,4.986479696758844,6482423605.786497
2024-09-01,59041.946845442406,1151317963486.127,2516.584775459278,301990173055.11334,135.50134732511293,78590781448.5655,533.6500860563028,78446562650.27652,0.5670800728736063,30055243862.301132,0.345540588658097,12093920603.033396,0.1013277281418016,14591192852.419432,22.820547981570535,10269246591.706741,0.1578013482924836,13886518649.738558,4.262121330975746,5540757730.26847
2024-09-08,54245.96297405911,1057796277994.1527,2275.899989624079,273107998754.88947,127.86915579472044,74164110360.93785,493.9590875641352,72611985871.92787,0.5261909317748377,27888119384.066395,0.3253645330152148,11387758655.532518,0.0952843616823558,13720948082.259235,21.79717303465963,9808727865.596832,0.1517205111246001,13351404978.96481,4.086271992197482,5312153589.856727
2024-09-15,60045.74147263919,1170891958716.464,2419.9736688773464,290396840265.28156,137.23464527807442,79596094261.28317,553.8527355500673,81416352125.8599,0.5964433101686571,31611495438.938828,0.354883009450127,12420905330.754446,0.1055090001296584,15193296018.670809,25.28381373291614,11377716179.812263,0.1476402055404172,12992338087.556715,4.429973214941048,5758965179.423362
2024-09-22,63415.04306676352,1236593339801.8887,2612.5568773521654,313506825282.2598,149.5930838955861,86763988659.43993,588.7592399956023,86547608279.35355,0.5984093509950719,31715695602.738808,0.3587137212489867,12554980243.714535,0.1099185814950157,15828275735.28226,27.81490559978083,12516707519.901373,0.1521814358466821,13391966354.508024,4.461535016836347,5799995521.887251
2024-09-29,65908.43807208282,1285214542405.615,2679.074794706464,321488975364.7757,156.80204885705368,90945188337.09113,601.6543517246104,88443189703.51773,0.6146235222725565,32575046680.44549,0.4008842754587409,14030949641.055931,0.1285390446653343,18509622431.80814,29.31705375852166,13192674191.334747,0.155163129959129,13654355436.403353,4.795014345047389,6233518648.561605
2024-10-06,62062.14585068661,1210211844088.389,2415.4412897500792,289852954770.0095,142.70008452324348,82766049023.48122,563.174574092527,82786662391.60147,0.5296204668591435,28069884743.534607,0.3508952147238744,12281332515.335604,0.1093460949084529,15745837666.817217,25.64615829286385,11540771231.788733,0.1537186250567641,13527239004.99524,4.138158428074821,5379605956.497267
2024-10-13,63226.30554111004,1232912958051.6458,2477.680497551105,297321659706.13257,146.4310893732718,84930031836.49763,576.7083214720263,84776123256.38788,0.5398858380475481,28613949416.52005,0.3533699034174844,12367946619.611956,0.1114418653118121,16047628604.900944,28.626997846129075,12882149030.758083,0.1626771320175081,14315587617.540714,4.2071181186855355,5469253554.291196
2024-10-20,68380.0191111746,1333410372667.9045,2648.039235736121,317764708288.33453,159.70092662796532,92626537444.21988,597.7054408457008,87862699804.31801,0.5442922535701765,28847489439.219357,0.3514512602958635,12300794110.355223,0.1441158838875605,20752687279.808712,28.120929784013537,12654418402.806091,0.1568545299907531,13803198639.186274,4.428740834344298,5757363084.647588
2024-10-27,67062.26297504325,1307714128013.3435,2479.7570952444084,297570851429.32904,168.90330567208085,97963917289.80688,583.6962214571778,85803344554.20514,0.5134876902672914,27214847584.166443,0.3322647346241367,11629265711.844784,0.1361969536184372,19612361321.05496,25.534676408940815,11490604384.023367,0.1649152111378454,14512538580.130396,4.035413864530407,5246038023.889529
2024-11-03,69407.25098860361,1353441394277.7705,2496.204542490733,299544545098.88794,166.2975460543261,96452576711.50914,568.8341104418753,83618614234.95567,0.5104672326917704,27054763332.663834,0.3488481656273188,12209685796.956158,0.1594826331549448,22965499174.31205,24.14129335913612,10863582011.611254,0.1662952040550045,14633977956.840397,3.906177703465741,5078031014.505463
2024-11-10,76704.79762359452,1495743553660.0933,3127.7847769228924,375334173230.7471,200.01822888072113,116010572750.81825,624.6092960197689,91817566514.90602,0.559250811372954,29640293002.76656,0.4937444825867273,17281056890.535458,0.2186138523523499,31480394738.738384,30.32917934723076,13648130706.253841,0.1621028600598211,14265051685.264257,4.611136470661925,5994477411.860502
2024-11-17,90519.8527090736,1765137127826.9353,3132.8557983969463,375942695807.63354,215.66809328069925,125087494102.80557,622.3429875997475,91484419177.16289,1.1185081970651116,59280934444.45091,0.7409702619701125,25933959168.953938,0.3637953168486585,52386525626.206825,35.11756219941101,15802902989.734955,0.2000848013263723,17607462516.72076,5.755473895431484,7482116064.060929
2024-11-24,97679.13646237584,1904743161016.3289,3395.07941836556,407409530203.8672,254.92613960863795,147857160973.01,650.4233584110948,95612233686.43094,1.4688371846247321,77848370785.11081,1.0644933622840076,37257267679.94027,0.4299107457513535,61907147388.19491,41.45052181361786,18652734816.128036,0.2118726702809147,18644794984.720493,8.49589722443284,11044666391.762691
2024-12-01,96416.15092050147,1880114942949.7788,3705.533875603644,444664065072.43726,237.707488838546,137870343526.3567,653.9612804121729,96132308220.58942,1.947104033129706,103196513755.87442,1.078646911520729,37752641903.22551,0.4218151110790065,60741375995.37694,44.87505756740181,20193775905.330814,0.2052668828653943,18063485692.154697,8.95950584397949,11647357597.173338
2024-12-08,99889.40277945095,1947843354199.2935,4002.7624650958815,480331495811.5058,238.46449189732627,138309405300.44925,750.3353808865114,110299300990.31718,2.616035464003048,138649879592.16156,1.2116590405098835,42408066417.845924,0.4538437105279629,65353494316.02666,51.68808123304302,23259636554.869358,0.3192484467984601,28093863318.26449,10.621558559332607,13808026127.13239
2024-12-15,101421.90351821724,1977727118605.236,3870.3357381630935,464440288579.5712,219.8881372057639,127535119579.34306,715.851502732913,105230170901.7382,2.4002086820718564,127211060149.8084,1.062496620117762,37187381704.121666,0.3982032737824498,57341271424.67277,49.85287176825496,22433792295.71473,0.2829673862216763,24901129987.50751,8.548917156974865,11113592304.067324
2024-12-22,97297.31920022352,1897297724404.3586,3340.5624247499804,400867490969.9977,181.07781175319593,105025130816.85364,663.4622787529311,97528954976.68086,2.2385799993010376,118644739962.95499,0.9050189940480216,31675664791.680756,0.3207089465382571,46182088301.509026,37.40188513716602,16830848311.724709,0.2448029519615233,21542659772.61405,6.969497081803414,9060346206.344439
2024-12-29,95208.16893002424,1856559294135.4727,3399.364414905198,407923729788.6238,195.13006145287304,113175435642.66637,721.3969946092515,106045358207.55997,2.181864294234318,115638807594.41884,0.8883890178384947,31093615624.347313,0.3241186761507133,46673089365.70272,37.66945162929847,16951253233.184313,0.2579974096015965,22703772044.94049,7.109742941330353,9242665823.72946
2025-01-05,98236.00626138304,1915602122096.9692,3657.4967515655935,438899610187.8712,216.64073076965093,125651623846.39754,713.5494520351833,104891769449.17195,2.419983808154146,128259141832.16974,1.0711557367177216,37490450785.120255,0.3946089099124257,56823683027.3893,42.6113253617495,19175096412.787273,0.2696851605175991,23732294125.54872,7.680900793414652,9985171031.439047
2025-01-12,94588.45424996021,1844474857874.224,3283.7030581980425,394044366983.7651,188.05198723854508,109070152598.35614,696.8148716206942,102431786128.24205,2.5738217124764047,136412550761.24945,0.9916187193156748,34706655176.048615,0.3399814540093524,48957329377.34675,37.06058890920352,16677265009.141582,0.2412323852575802,21228449902.667057,6.748130877734705,8772570141.055117
2025-01-19,94482.49176129334,1842408589345.22,3267.0060578942725,392040726947.3127,188.47190545388565,109313705163.25368,693.3544069541871,101923097822.2655,2.504514066002861,132739245498.15163,0.9688075536150206,33908264376.52572,0.3362390147220409,48418418119.973885,36.51512484911764,16431806182.102938,0.2334612582889667,20544590729.42907,6.631200781157645,8620561015.504938
2025-01-26,104791.68065154876,2043437772705.2007,3318.0538764382864,398166465172.59436,256.20459477302705,148598664968.35568,686.478332371396,100912314858.59521,3.109854920638,164822310793.814,0.9767531411636272,34186359940.72695,0.3535872011294093,50916556962.63493,36.64844345782257,16491799556.020159,0.2533754189980972,22297036871.83255,6.325558075490729,8223225498.137948
2025-02-02,100675.40952090696,1963170485657.6858,3118.254175684477,374190501082.13727,213.29007456762687,123708243249.22359,653.4589004386986,96058458364.4887,2.8839486514199497,152849278525.25732,0.8984039294562283,31444137530.96799,0.3084086254008905,44410842057.728226,32.18012801708568,14481057607.688555,0.2445407076412734,21519582272.43206,5.934099419411166,7714329245.234516
2025-02-09,96515.70109762916,1882056171403.7688,2632.4989929782523,315899879157.39026,199.47150650868377,115693473775.03659,612.7183460226921,90069596865.33574,2.420601523878871,128291880765.58015,0.7020916620368858,24573208171.291,0.2531478443947712,36453289592.84705,24.598011474503306,11069105163.526487,0.2308310756544893,20313134657.59506,4.736975516231008,6158068171.100311
2025-02-16,97603.34950011733,1903265315252.2878,2693.6371261561826,323236455138.7419,195.01643306777157,113109531179.30751,662.9061546469812,97447204733.10625,2.762247403893691,146399112406.3656,0.7814225883862209,27349790593.51773,0.271800445902201,39139264209.91694,25.51682835112831,11482572758.00774,0.2374789915596855,20898151257.252323,5.028294206393141,6536782468.311083
2025-02-23,96593.37496290675,1883570811776.6816,2763.921459346407,331670575121.56885,175.44084090208182,101755687723.20746,668.5260491577465,98273329226.18874,2.5754194025698576,136497228336.20245,0.7742690581042775,27099417033.64971,0.2466203301713697,35513327544.67724,25.841404087973174,11628631839.587929,0.2383004295124434,20970437797.09502,5.0467796436883,6560813536.79479
2025-03-02,86001.13885335272,1677022207640.3782,2215.8181632064166,265898179584.77,143.59193036075195,83283319609.23613,607.616552154338,89319633166.68768,2.188480141191731,115989447483.16174,0.6604431058303324,23115508704.061634,0.2062227627162773,29696077831.14393,21.86261884743803,9838178481.347113,0.2337742050596618,20572130045.250237,4.661337908795226,6059739281.433794
2025-03-09,86183.23955048165,1680573171234.3923,2201.39211477546,264167053773.0552,136.96143568894985,79437632699.59091,593.2097762906734,87201837114.72899,2.324714584623688,123209872985.05545,0.8043182742284734,28151139597.996567,0.1921110751487781,27663994821.424046,20.486531747383683,9218939286.322657,0.2438569301552868,21459409853.66524,4.289407818861665,5576230164.5201645
2025-03-16,84373.93990732651,1645291828192.867,1938.033382009961,232564005841.19534,135.8748446769962,78807409912.65779,619.6931317683467,91094890369.94696,2.3924347845140854,126799043579.24652,0.7476144198821169,26166504695.87409,0.1760415061627176,25349976887.431335,19.400734474471307,8730330513.512089,0.221670171363982,19506975080.03042,4.35832079709599,5665817036.224787
2025-03-23,83840.39527371667,1634887707837.475,1980.3753346646356,237645040159.7563,128.48662510894968,74522242563.19081,626.9113322078421,92155965834.55278,2.3682738252233775,125518512736.839,0.7011397268720158,24539890440.52055,0.1673342945227777,24096138411.27999,19.42623164068633,8741804238.308847,0.2370911541631554,20864021566.357677,4.446443854986859,5780377011.482916
2025-03-30,82609.772037966,1610890554740.3372,1827.2379013701031,219268548164.41238,124.60017560795114,72268101852.61166,602.7235766568572,88600365768.558,2.1372657088290308,113275082567.93863,0.6731014766550726,23558551682.92754,0.1694986258581791,24407802123.57779,19.632420411022405,8834589184.960083,0.2319548412468692,20412026029.724487,4.044916601555382,5258391582.0219965
2025-04-06,83479.9790747844,1627859591958.2957,1804.84822415205,216581786898.246,119.89342508156913,69538186547.3101,593.3474313325052,87222072405.87825,2.1431622269849537,113587598030.20255,0.654178897944942,22896261428.07297,0.1689785254983138,24332907671.757187,17.8576430132458,8035939355.960609,0.2374224017361457,20893171352.780823,3.9502436300203776,5135316719.026491
2025-04-13,85282.79121693141,1663014428730.1624,1646.1658867688948,197539906412.26736,132.24672087151973,76703098105.48145,597.1083560921818,87774928345.55072,2.156733982623991,114306901079.07153,0.6588612699249571,23060144447.373497,0.1677570904987097,24157021031.814198,20.462225258018787,9208001366.108454,0.2461420264520182,21660498327.7776,3.713781405148521,4827915826.693077
2025-04-20,85108.00223982787,1659606043676.6433,1614.8759389779748,193785112677.35696,139.6457533812655,80994536961.13399,592.3713384821506,87078586756.87613,2.0848193552403798,110495425827.74013,0.6285077053353542,21997769686.737396,0.1573049922718203,22651918887.14212,19.918471732232852,8963312279.504784,0.2439322450806137,21466037567.094006,3.880603143683023,5044784086.78793
2025-04-27,94682.13753488561,1846301681930.2693,1820.30784165676,218436940998.81122,149.17285673126355,86520256904.13286,607.6553460528322,89325335869.76634,2.1925978937053223,116207688366.38208,0.7077266443033766,24770432550.618183,0.1819587282510812,26202056868.155693,22.390791559093337,10075856201.592001,0.2518697436556441,22164537441.69668,4.269126953864283,5549865040.023567
2025-05-04,95941.92577214821,1870867552556.8901,1834.8731096948727,220184773163.38474,146.9742373406667,85245057657.58669,599.6261191911591,88145039521.10039,2.1891551910248013,116025225124.31447,0.7016289982997398,24557014940.490894,0.1758204927220735,25318150951.978584,20.578311485786305,9260240168.603838,0.2456230650038405,21614829720.337967,4.036820476962358,5247866620.051065
2025-05-11,104527.87456579872,2038293554033.075,2579.4706097063986,309536473164.7678,176.8329819761814,102563129546.18521,660.4308632987205,97083336904.91191,2.4663628861260944,130717232964.683,0.8383631486882116,29342710204.087406,0.247962153303938,35706550075.767075,25.763453884754075,11593554248.139334,0.2649096420890868,23312048503.839638,5.2289699616697165,6797660950.170631
2025-05-18,103191.84401476308,2012240958287.88,2475.951792326194,297114215079.1433,166.0503688892516,96309213955.76591,640.0145590343109,94082140178.0437,2.353750337120359,124748767867.37903,0.7426810768215623,25993837688.75468,0.2147153893909354,30919016072.294697,22.204970419959437,9992236688.981747,0.269922261900128,23753159047.211266,4.619271489714159,6005052936.6284075
2025-05-25,107846.51489423368,2103007040437.557,2531.0622269263636,303727467231.16364,176.08516593120592,102129396240.09944,668.5916720387802,98282975789.70068,2.330856083713013,123535372436.78967,0.7471278169812511,26149473594.34379,0.2252344667808084,32433763216.436413,22.93342911327639,10320043100.974375,0.2703526005122017,23791028845.073753,4.545960685788176,5909748891.524629
2025-06-01,104685.357912444,2041364479292.658,2530.4871318962814,303658455827.5538,156.65639135239715,90860706984.39035,658.7072903145428,96829971676.2378,2.1749651354937374,115273152181.16808,0.6861444464473428,24015055625.657,0.1926821915771167,27746235587.104805,20.83235536607307,9374559914.732882,0.2657746616581107,23388170225.913742,4.079000368575603,5302700479.148283
2025-06-08,105650.76452461252,2060189908229.944,2526.6720971374393,303200651656.49274,150.2601029818074,87150859729.44829,651.5103488527086,95772021281.34816,2.177292905240411,115396523977.74179,0.6655078877317323,23292776070.61063,0.1852000336702863,26668804848.52123,20.670691654136263,9301811244.361319,0.2867967282806135,25238112088.693985,4.0351344392593615,5245674771.03717
2025-06-15,105486.9692197882,2056995899785.8699,2533.2214127219336,303986569526.632,144.8054454322061,83987158350.67955,646.1763286906395,94987920317.524,2.1407647012791258,113460529167.79367,0.6249960574292706,21874862010.02447,0.1783097028286662,25676597207.327934,18.933056389262315,8519875375.168042,0.2712114929986788,23866611383.883736,3.783865727947416,4919025446.331641
2025-06-22,102098.71989132554,1990925037880.8481,2292.6167639883524,275114011678.6023,135.42594208443137,78547046408.9702,629.6523925705163,92558901707.8659,2.060464939167256,109204641775.86456,0.5549263755224253,19422423143.284885,0.1542979352523388,22218902676.33679,16.77381658188953,7548217461.850288,0.2711768616096064,23863563821.645363,3.322554507194289,4319320859.352575
2025-06-29,107359.34437466756,2093507215306.0176,2437.2864500742157,292474374008.9059,150.84976780931893,87492865329.40498,649.0964757785645,95417181939.44897,2.1860848005616194,115862494429.76582,0.565634686001976,19797214010.06916,0.163732401359071,23577465795.706223,17.971838276903625,8087327224.606631,0.2747232649447331,24175647315.136513,3.4079686089208097,4430359191.597053
2025-07-06,108273.34676256684,2111330261870.0535,2518.0071515493405,302160858185.92084,147.6887131903506,85659453650.40335,656.5498364899656,96512825964.02495,2.2174867455740217,117526797515.42316,0.5753367069468028,20136784743.1381,0.1643007544088089,23659308634.86848,17.907022201503985,8058159990.676793,0.2833337285400835,24933368111.527348,3.3564614890182316,4363399935.7237015
2025-07-13,117450.39932475804,2290282786832.7817,2943.7407192359487,353248886308.31384,160.7531238424187,93236811828.60284,686.3610568568724,100895075357.96025,2.7388789799967674,145160585939.82867,0.7086179325853595,24801627640.487583,0.1972422576123428,28402885096.17736,20.67963817927559,9305837180.674015,0.3023546144988153,26607206075.895744,3.890403977982968,5057525171.377858
2025-07-20,117925.93613842785,2299555754699.343,3593.8240376034983,431258884512.4198,177.08571200385757,102709712962.23738,734.0043460755672,107898638873.10838,3.4262549547054664,181591512599.3897,0.8300185828770302,29050650400.696056,0.2413244099315828,34750715030.14793,24.509454315702424,11029254442.066092,0.3182863380234893,28009197746.067062,4.409687110649946,5732593243.84493
2025-07-27,117944.3,2299913850000.0,3741.67,449000400000.0,184.88,107230400000.0,793.39,116628330000.0,3.1683270057692714,167921331305.7714,0.819848099,28694683465.0,0.2355,33912000000.0,24.938,11222100000.0,0.32011,28169680000.0,4.1256,5363280000.000001
2025-08-03,112558.4,2194888800000.0,3393.73,407247600000.0,158.51,91935800000.0,736.8,108309600000.0,2.770629834433181,146843381224.9586,0.69729,24405150000.0,0.19106,27512640000.0,20.85132288,9383095296.0,0.322,28336000000.0,3.507,4559100000.0
2025-08-10,116500.0,2271750000000.0,4262.72,511526400000.00006,179.99,104394200000.0,799.0,117453000000.0,3.2253,170940900000.0,0.8034,28119000000.0,0.24007,34570080000.0,24.24,10908000000.0,0.335175,29495400000.0,4.137,5378099999.999999
2025-08-17,117482.6,2290910700000.0,4425.569542,531068345040.0,189.72,110037600000.0,839.003,123333441000.0,3.1064891292,164643923847.6,0.9212,32242000000.0,0.23114,33284160000.0,24.3051,10937295000.0,0.3479235965999999,30617276500.79999,3.965,5154500000.0
2025-08-24,115406.0,2250417000000.0,4798.5,575820000000.0,204.1,118378000000.0,880.54,129439380000.0,3.0478,161533400000.0,0.91413,31994550000.0,0.236265,34022160000.0,26.06505456539278,11729274554.426752,0.36242,31892960000.0,4.2275356992,5495796408.96
2025-08-31,108815.0,2121892500000.0,4374.362598000001,524923511760.00006,202.75,117595000000.0,862.1,126728700000.0,2.8179,149348700000.0,0.82219,28776650000.0,0.21595,31096800000.0,23.78,10701000000.0,0.3391,29840800000.0,3.81,4953000000.0
2025-09-07,110222.2,2149332900000.0,4274.58,512949600000.0,200.27,116156600000.0,861.497,126640059000.0,2.8104,148951200000.0,0.81837,28642950000.0,0.21584,31080960000.0,24.379116000435197,10970602200.195839,0.314599,27684712000.0,3.825,4972500000.0
2025-09-14,115968.46,2261384970000.0,4668.32,560198400000.0,242.53,140667400000.0,933.9,137283300000.0,3.1207112586000005,165397696705.80002,0.92971914382,32540170033.7,0.28945727616,41681847767.04,30.088,13539600000.0,0.34976087536,30778957031.68,4.494937509600001,5843418762.4800005
2025-09-21,115705.9,2256265050000.0,4480.9436481,537713237772.0,239.52743699100003,138925913454.78003,1042.96,153315120000.0,2.97764,157814920000.0,0.8936,31276000000.0,0.26769,38547360000.0,33.183,14932350000.0,0.346676,30507488000.0,4.355,5661500000.000001
2025-09-28,109648.22,2138140290000.0,4017.61264,482113516800.0,203.5,118030000000.0,968.43,142359210000.0,2.805749788,148704738764.0,0.7812633750000001,27344218125.000004,0.23073,33225120000.0,28.761457299999996,12942655784.999998,0.3367,29629600000.0,3.89041748,5057542724.0
2025-10-05,122382.163,2386452178500.0,4487.99,538558800000.0,227.986992636,132232455728.88,1150.374219432,169105010256.504,2.9688,157346400000.0,0.83966866524,29388403283.399998,0.25086,36123840000.00001,30.13,13558500000.0,0.34046,29960480000.0,4.201,5461299999.999999
2025-10-12,110785.3,2160313350000.0,3748.974552,449876946240.0,173.4522865,100602326170.00002,1136.28,167033160000.0,2.3837762465,126340141064.5,0.63183072296,22114075303.6,0.18533272837,26687912885.280003,21.47,9661500000.0,0.3143308,27661110400.0,2.943801015,3826941319.5
2025-10-19,107191.3,2090230350000.0,3889.84,466780800000.0,187.66,108842800000.0,1093.05025,160678386750.0,2.3604,125101199999.99998,0.63441007,22204352450.0,0.18958,27299520000.0,20.20856647655928,9093854914.451675,0.3131,27552800000.0,2.9326292970409087,3812418086.153181
2025-10-26,111634.605,2176874797500.0,3953.73,474447600000.0,193.93,112479400000.0,1116.5690698404524,164135653266.5465,2.5964,137609200000.0,0.6542,22897000000.0,0.19652,28298880000.0,19.715,8871750000.0,0.2972,26153600000.0,3.09,4017000000.0
2025-11-02,108315.87,2112159465000.0,3805.1361618,456616339416.0,184.65,107097000000.0,1079.0750756512805,158624036120.73822,2.4401,129325300000.00002,0.6014,21049000000.0,0.18273,26313120000.0,18.1232,8155440000.0,0.29265,25753200000.0,2.872,3733600000.0
